OldVendorID_c,Company,Approved,VendorID,Name,Address1,Address2,Address3,City,State,ZIP,Country,TermsCode,GroupCode,PhoneNum,CurrencyCode,TaxRegionCode,EMailAddress,SupplierType_c,VendBank_BankID,VendBank_BankName,VendBank_IBANCode,VendBank_BankAcctNumber,VendBank_BankBranchCode,VendBank_SwiftNum,VendBank_PMUID,OperaCode
A001,VUK,1,S10001,Access Engineering Services Ltd,Brick House Farm,Shepperdine Road,Oldbury On Servern,Bristol,,BS35 1RW,United Kingdom,45,TBD,01454 411004,GBP,APD,gail@accessengineeringservices.co.uk,Trade,1,1,,1752248,30-12-04,,1,
A003,VUK,1,S10002,Optimas Oe Solutions Ltd.,Waterwells Drive,Quedegely,,,Gloucester,GL2 2FR,United Kingdom,45,TBD,01452 880527,GBP,APD,accounts.ac@optimascomponents.com,Trade,1,1,GB66BOFA16505052392075,52392075,16-50-50,BOFAGB22,1,
A005,VUK,1,S10003,Leman International Transport Ltd,Containerbase Valley,Farm WayStourton,,Leeds,West Yorkshire,LS10 1SE,United Kingdom,45,TBD,01132 712777,GBP,APD,wlm@leman.com,Trade,1,1,GB04BARC20484210371599,10371599,20-48-42,BARCGB22,1,
A006,VUK,1,S10004,Aspoeck Uk Ltd,Unit 19,Stansted Dist Centre,,Hertfordshire,,CM22 7DG,United Kingdom,45,TBD,01279 655220,GBP,APD,accounts@aspoeck.co.uk,Trade,1,1,GB38MIDL40051557663082,81375474,40-20-37,MIDLGB22,1,SUN290
A007,VUK,1,S10005,Angel Springs Ltd,Shau Road,,,Wolverhampton,West Midlands,WV10 9LE,United Kingdom,45,TBD,03333 232275,GBP,APD,billing@waterlogic.co.uk,Trade,1,1,,89538587,60-04-23,,1,SUN452
A008,VUK,1,S10006,Abg Rubber & Plastics Ltd,10 Sketty Close,Brackmills,,Northampton,Northants,NN4 7PL,United Kingdom,45,PLAS,01604 700880,GBP,APD,Sharron@oadbyplastics.co.uk,Trade,1,1,GB05LOYD30159701436833,01436833,30-15-97,LOYDGB21220,1,
A009,VUK,1,S10007,Ansini Ltd,Mill 3Pleasley Vale,Business Park,,Mansfield,Notts,S80 1TQ,United Kingdom,45,TBD,01623 812333,GBP,APD,Claire.Trewick@ansini.co.uk,Trade,1,1,,12074360,30-15-99,,1,SUN419
A010,VUK,1,S10008,A.H. Allen Steel Services Ltd,Liliput Road,Brackmills,,Northampton,Northants,NN4 7DT,United Kingdom,45,TBD,01604 762211,GBP,APD,,Trade,1,1,,51588788,40-13-15,,1,
A011,VUK,1,S10009,Accesshire Nationwide,Unit 5 Tuscany Way,Europort Ind Est,Normanton,Wakefield,W Yorkshire,WF62UA,United Kingdom,45,TBD,08453 655091,GBP,APD,Jenny.Barton@accesshirenationwide.com,Trade,1,1,,52129760,40-40-24,,1,
A013,VUK,1,S10010,Andys Tyres & Batteries Ltd,1 Mulso Road,,,Finedon,Northants,NN9 5DP,United Kingdom,45,TBD,01933 680842,GBP,APD,lorna.freeman1@btinternet.com,Trade,1,1,,68737985,09-01-28,,1,SUN126
A015,VUK,1,S10011,Associated Spring Spec,Unit 4 Grosvenor Bus Ctr,Vale Park Evesham.,,Worcestershire,,WR11 1GS,United Kingdom,45,TBD,01386 443366,GBP,APD,barnesindustrial@BARNESGRP.NET,Trade,1,1,GB42MIDL40171701420011,01420011,40-17-17,MIDLGB2125U,1,
A016,VUK,1,S10012,A E Smith Bodycraft Ltd,Carrington Street,,,Kettering,Northants,NN16 0BY,United Kingdom,45,BODY,01536 485238,GBP,APD,,Trade,1,1,,14295368,30-95-47,,1,S600
A018,VUK,1,S10013,Ads Laser Cutting Ltd,The Monarch Buildings,Radnor Road,,Sputh Wigston,Leicester,LE18 4XY,United Kingdom,45,FAB,01162 444999,GBP,APD,accounts@adslaser.co.uk,Trade,1,1,,03004361,40-61-35,,1,SUN555
A019,VUK,1,S10014,A1 Hydraulics Ltd,92 Cannock Street,Troon Ind Area,,Leicester,,LE4 9HR,United Kingdom,45,HYD,01162 761131,GBP,APD,,Trade,1,1,,,,,1,
A020,VUK,1,S10015,Aebi Schmidt Uk Limited,Southgate Way,Orton,,Peterborough,,PE2 6GP,United Kingdom,44,TBD,01733 363300,GBP,APD,Katherine.Daunt@aebi-schmidt.com,Trade,1,1,,00025597,30-93-05,,1,SUN742
A021,VUK,1,S10016,Abdex Hose & Couplings Ltd,3 Commerce Way,Leighton Buzzard,,Bedfordshire,,LU7 4RW,United Kingdom,45,TBD,01525 377770,GBP,APD,richard.brydon@abdex.co.uk,Trade,1,1,,00152337,30-14-71,,1,SUN741
A022,VUK,1,S10017,Aer Rents Limited,33 Leeson Park,,,Dublin 6,,,Ireland,7,TBD,,GBP,APE,,Foreign,1,1,,11083257,16-20-38,,1,
A024,VUK,1,S10018,Arthur J. Gallagher Insurance,Custom House,The Waterfront,,Level Street,Brierley Hill,DY51XH,United Kingdom,45,TBD,01384 82222,GBP,APD,Sam_Clarke@ajg.com,Trade,1,1,,03272406,30-00-02,,1,
A025,VUK,1,S10019,Anglian Water,Anglian Business,Po Box 259,,Rotherham,,S98 1QU,United Kingdom,47,TBD,03336 001845,GBP,APD,Karen.Taylor-Smith@Waterlogic.co.uk,Trade,1,1,,33298760,20-43-71,,1,
A026,VUK,1,S10020,Ajs Compliance Ltd,Newark Beacon,Cafferata Way,,Notts,,NG24 2TN,United Kingdom,44,TBD,01636 653017,GBP,APD,andy.stones@ajscompliance.co.uk,Trade,1,1,,41587382,40-42-07,,1,
A027,VUK,1,S10021,Alpha Controls Ltd,The Regus Building,268 Bath Road,,Slough,,SL1 4DX,United Kingdom,45,TBD,,GBP,APD,,Trade,1,1,,02656947,30-95-36,,1,SUN642
A028,VUK,1,S10022,Adroit Accessories Limited,Henry Street,Walsall,,West Midlands,,WS2 9XU,United Kingdom,45,TBD,01922 632839,GBP,APD,pplested@adroit-accessories.co.uk,Trade,1,1,,41660802,40-45-19,,1,
A035,VUK,1,S10023,Achilles Information Limited,1 Harmsworth,Greenmont Office Pk,,Harolds Cross,Dublin,D6W TF84,United Kingdom,45,TBD,,GBP,APD,supply-line@achilles.com,Trade,1,1,,00476418,30-00-02,,1,
A036,VUK,1,S10024,Anixter Limited,Easthampstead Road,Bracknell,,Berkshire,,RG12 1YQ,United Kingdom,45,TBD,,GBP,APD,,Trade,1,1,,32261022,40-22-26,,1,
A038,VUK,1,S10025,A J Autos (Kettering) Ltd,Isham Road,Pytchley,,Kettering,Northants,NN141EW,United Kingdom,45,TBD,01536 791078,GBP,APD,,Trade,1,1,,,,,1,
A039,VUK,1,S10026,Access Repairs Limited,28 Hillside,Shire Oak,,Walsall,West Midlands,WS8 7AE,United Kingdom,45,TBD,,GBP,APD,,Trade,1,1,,,,,1,
A040,VUK,1,S10027,Automobile Association Ltd,Revenue Services,Upper Ground,,Basingstoke,,RG21 4EA,United Kingdom,45,TBD,,GBP,APD,,Trade,1,1,,30459941,20-00-00,,1,
A050,VUK,1,S10028,Atg Access Ltd,Cobaco House,North Florida Road,,Haydock Ind Est,,WA11 9TP,United Kingdom,45,TBD,08456 759955,GBP,APD,sales@atgaccess.com,Trade,1,1,,68147284,05-05-73,,1,
A055,VUK,1,S10029,Alltruck Plc,Croft House,Huncote Road,,Leicestershire,Lutterworth,LE9 3GT,United Kingdom,45,TBD,01164 021800,GBP,APD,,Trade,1,1,,10432828,09-02-22,,2,
A056,VUK,1,S10030,Apc,7 St John Street,Mansfield,,Nottinghamshire,,NG18 1QH,United Kingdom,45,TBD,01623 657111,GBP,APD,,Trade,1,1,,51845954,60-14-03,,1,
A058,VUK,1,S10031,A M Philip Trucktech Ltd,Leanaig Road,Conon Bridge,,Inverness,,IV7 8BE,United Kingdom,45,TBD,01349 866021,GBP,APD,,Trade,1,1,,00232626,83-18-14,,1,
A059,VUK,1,S10032,Assystem Uk Ltd,D2 Yeoman Gate,Yeoman Way,,Worthing,,BN13 3QZ,United Kingdom,45,TBD,01903 276759,GBP,APD,ncummins@assystemtechnologies.com,Trade,1,1,,1220415,30-94-97,,1,
A060,VUK,1,S10033,A P S Promotions Ltd,204 St Andrews Road,,,Northampton,Northants,NN2 6DA,United Kingdom,45,TBD,01604 710050,GBP,APD,,Trade,1,1,,52309165,40-35-04,,1,
A061,VUK,1,S10034,A M Engineering,The Marrs Building 16,Pytchley Lodge Road,,Kettering,Northants,NN15 6JQ,United Kingdom,45,TBD,01536 520549,GBP,APD,,Trade,1,1,,,,,1,
A062,VUK,1,S10035,Alphabet Limited,Summit Avenue,Farnborough,,,Hampshire,GU140FB,United Kingdom,45,TBD,03705 050100,GBP,APD,finance@alphabet.com. ,Trade,1,1,,,,,2,
A065,VUK,1,S10036,Access Control Ltd,430 The Manor,Great Billing,,Northamptonshire,Northants,NN3 9EX,United Kingdom,45,TBD,08443 510715,GBP,APD,info@accesscontrollimited.co.uk,Trade,1,1,,69118160,30-96-09,,1,
A067,VUK,1,S10037,Aas Vehicle Solutions,Unit 18 Brookvale Est,Moor Lane,,Birmingham,West Midlands,B6 7AQ,United Kingdom,45,TBD,0333 2000699,GBP,APD,,Trade,1,1,,50516767,20-78-42,,1,SUN832
A075,VUK,1,S10038,Auto Extract Systems,A10 Kenyon Court,Moss Ind Estate,,Greater Manchester,,WN7 3PT,United Kingdom,45,TBD,01942 267444,GBP,APD,Accounts@autoextract.co.uk,Trade,1,1,,24465178,53-61-07,,1,
A076,VUK,1,S10039,Avalon Metal Coatings Ltd,Unit 9 The Brick Store,Chesney Wold,,Milton Keynes,,,United Kingdom,45,STEL,0129 5270473,GBP,APD,,Trade,1,1,,66779968,30-15-53,,1,
A097,VUK,1,S10040,Apf Exhibition Ltd,Vernon Cottage,Hazeldene Road,,Liphook,Hants,GU30 7PH,United Kingdom,45,TBD,01428 723545,GBP,APD,,Trade,1,1,,,,,1,
A150,VUK,1,S10041,Arco Group East Midlands,PO Box 21,Wavweley Street,,Hull,,HU1 2SJ,United Kingdom,45,TBD,01159 390456,GBP,APD,norhtmapton.brance@arco.co.uk,Trade,1,1,GB18MIDL40251860116319,60116319,40-25-18,MIDLGB22,1,
A350,VUK,1,S10042,A14 Supplies,Unit 10 A6 Business Cnt,Telford Way Ind.Est.,,Kettering,Northants,NN16 8UN,United Kingdom,45,TBD,01536 310222,GBP,APD,,Trade,1,1,,60284610,20-45-77,,1,
A450,VUK,1,S10043,Arthur Ibbett Limited,River Lane,Great Paxton,,Huntingdon,Cambridge,PE19 6RD,United Kingdom,45,TBD,01480 473452,GBP,APD,enquiries@ibbetts.co.uk,Trade,1,1,,61009850,40-40-10,,1,
A550,VUK,1,S10044,Allen Ford Uk Ltd,Accounts Dept,London Road,,Coventry,,CV3 4AA,United Kingdom,45,TBD,02476 507000,GBP,APD,Helen Smith <Helen.Smith@allenford.com>,Trade,1,1,,14149966,60-18-01,,1,
A600,VUK,1,S10045,ALLENS MOTOR SERVICES,5 Farm Road,Redhill Farm,Wellingborough,Northamptonshire,,NN8 4UF,United Kingdom,45,TBD,01933 224545,GBP,APD,,Trade,1,1,,,,,1,
A750,VUK,1,S10046,Applications Engineering Ltd,16 Horsted Square,Bellbrook Ind Estate,,Uckfield,East Sussex,TN22 1QG,United Kingdom,45,TBD,01825 764737,GBP,APD,MRead@Appeng.co.uk,Trade,1,1,GB85NWBK60084668618727,68618727,60-08-46,NWBKGB2L,1,
A990,VUK,1,S10047,Advent Plastics Ltd,The Sign Centre,Sanders Road,,Wellingborough,Northampton,NN8 4NL,United Kingdom,45,PLAS,01933 224716,GBP,APD,sam@adventsigns.co.uk,Trade,1,1,,00186057,30-99-26,,1,
A995,VUK,1,S10048,Asc Metals Ltd,Unit 3 Jackdaw Close,Crow Lane Ind. Est.,,Northampton,Northants,NN3 9ER,United Kingdom,45,STEL,01604 415036,GBP,APD,shelley@nextdaymetals.co.uk,Trade,1,1,,80734081,60-15-55,,1,
B009,VUK,1,S10049,Mp Filtri Uk Ltd,Bourton Industrial Park,Bourton On The Water,,,Gloucestershire,GL54 2HQ,United Kingdom,45,TBD,01451 822282,GBP,APD,,Trade,1,1,GB74BARC20338300901717,00901717,20-33-83,BARCGB22,1,SUN330
B010,VUK,1,S10050,Bedford Battery Co Ltd,Wellington Street,,,Bedford,,MK40 2HZ,United Kingdom,45,TBD,01234 340661,GBP,APD,accounts@bedfordbattery.co.uk,Trade,1,1,,40146781,20-06-24,,1,
B014,VUK,1,S10051,Bucher Hydraulics Ltd,Unit 9 Eastboro Fields,Hemdale Nuneaton,,Warwickshire,,CV11 6GL,United Kingdom,45,HYD,02476 353561,GBP,APD,Samantha.Brown@bucherhydraulics.com,Trade,1,1,GB11BARC20854660187275,60187275,20-85-46,BARCGB22,1,SUN434
B015,VUK,1,S10052,Pmc Fluidpower T/A Htl,No 8 Lingen Road,Ludlow Business Park,,"Ludlow, Shropshire",,SY8 1XD,United Kingdom,45,TBD,01584 873012,GBP,APD,kelly@htluk.co.uk,Trade,1,1,,70563633,20-51-01,,1,
B016,VUK,1,S10053,Biffa Waste Services Ltd,Coronation Road,CressexHigh Wycombe,,,Buckinghamshire,HP12 3WF,United Kingdom,47,TBD,01494 557481,GBP,APD,,Trade,1,1,,40166375,20-40-71,,1,
B017,VUK,1,S10054,Bnp Paribas Leasing,St James Court,St James Parade,,Bristol,,BS1 3LH,United Kingdom,45,TBD,03452 666056,GBP,APD,,Trade,1,1,,,,,1,
B020,VUK,1,S10055,Bpx Electro Mechanical Co Ltd,Ross Walk,,,Leicester,,LE4 5HA,United Kingdom,44,TBD,01162 999100,GBP,APD,accounts@bpx.co.uk,Trade,1,1,,01917939,30-94-97,,1,
B025,VUK,1,S10056,Boss Training Limited,Floor 2 Rimani House,14 16 Hall Street,,Halifax,,HX1 5BD,United Kingdom,45,TBD,01422 358184,GBP,APD,stacy@bosstraining.co.uk,Trade,1,1,,67359087,05-01-31,,1,
B026,VUK,1,S10057,Bsi,Accounts,Po Box 3000,,Milton Keynes,,MK1 9EL,United Kingdom,45,TBD,02089 967476,GBP,APD,,Trade,1,1,,81538993,40-07-13,,1,
B027,VUK,1,S10058,Baguettaway Kettering Ltd,24 High Street,,,Kettering,Northants,NN16 8ST,United Kingdom,45,TBD,01536 484822,GBP,APD,hungry@baguettaway.com,Trade,1,1,,,,,1,
B044,VUK,1,S10059,Boc Limited,Customer Service Centre,Po Box12Priestly Rd,,Worsley,Manchester,M28 2US,United Kingdom,47,TBD,0800 111333,GBP,APD,custserv@boc.com,Trade,1,1,,11407201,40-02-50,,1,
B050,VUK,1,S10060,Bri Stor Systems Limited,Church Lane,Hixon,,Stafford,,ST18 0PS,United Kingdom,45,TBD,01889 271202,GBP,APD,callan.beesley@bri-stor.co.uk,Trade,1,1,,00247283,30-98-90,,1,SUN408
B051,VUK,1,S10061,Belly Fender Ltd,Meadow Site,East Street,,South Molton,,EX36 3DQ,United Kingdom,45,TBD,,GBP,APD,info@bellyfender.com,Trade,1,1,,,,,1,
B052,VUK,1,S10062,Bridge Fire & Security Limited,10 Cressex Enterprise Ctr,Lincoln Road,,,Buckinghamshire,HP12 3RL,United Kingdom,45,TBD,08450 340899,GBP,APD,Gemma Taylor <gemma.taylor@bridgefs.co.uk>,Trade,1,1,,48383260,30-98-91,,1,SUN849
B053,VUK,1,S10063,Barclays Credit Card,,,,,,,United Kingdom,5,TBD,,GBP,APD,,Bank,1,1,,,,,2,
B055,VUK,1,S10064,Bank Of Ireland Credit Card,,,,,,,United Kingdom,5,TBD,,GBP,APD,,Bank,1,1,,,,,2,
B090,VUK,1,S10065,Baca Workwear & Safety,Unit 3 Clayfield Close,Moulton Park,,Northampton,Northants,NN3 6QN,United Kingdom,45,TBD,01604 641282,GBP,APD,Paul.Corrie@bacasafety.co.uk,Trade,1,1,,70282553,20-61-51,,1,
B180,VUK,1,S10066,B P Design,Studio 1,39 Bycullah Road,,"Enfield, Middlesex",,EN2 8EU,United Kingdom,44,TBD,02082 455715,GBP,APD,studio@bpdesign.info,Trade,1,1,,41510976,60-07-10,,1,
B400,VUK,1,S10067,Brigade Electronics Plc,Brigade House The Mills,Station Road,,South Darenth,Kent,DA4 9BD,United Kingdom,45,TBD,01322 420300,GBP,APD,accounts.receivable@brigade-electronics.com,Trade,1,1,GB09MIDL40010681083821,81083821,40-01-06,MIDLGB22,1,SUN23
B500,VUK,1,S10068,Bushey Hall Winches & Equipment Ltd,Lismirrane Ind Park,Elstree Road,,Elstree,,WD6 3EE,United Kingdom,45,WNCH,,GBP,APD,,Trade,1,1,,,,,1,
B501,VUK,1,S10069,British Telecommunications Plc,Payment Centre,,,Durham,,DH98 1BT,United Kingdom,44,TBD,,GBP,APD,,Trade,1,1,,,,,1,
C001,VUK,1,S10070,Canon (Uk) Ltd,Credit Control,Woodhatch,,Reigate,Surrey,RH2 8BF,United Kingdom,45,TBD,0737 22000,GBP,APD,,Trade,1,1,GB33DEUT40508111950502,11950502,23-10-48,DEUTGB2L,1,
C003,VUK,1,S10071,BRIAN CURRIE MILTON KEYNES LTD,Chesney Wold,Bleak Hall,,Milton Keynes,,MK6 1LH,United Kingdom,45,TBD,01908 663992,GBP,APD,,Trade,1,1,,,,,1,
C005,VUK,1,S10072,Cromwell Tools Group,PO Box 14,Victoria Street,,Wigston,Leicester,LE18 1AT,United Kingdom,44,TBD,01162 888000,GBP,APD,arqueries@cromwell.co.uk,Trade,1,1,,01878577,30-94-97,,1,
C007,VUK,1,S10073,Clean Air Facilities Ltd,Technology House,Newton Close,,Drayton Fields,Daventry,NN11 8RR,United Kingdom,45,TBD,01327 307405,GBP,APD,Lynda Partridge <Lynda.Partridge@cleanair.co.uk>,Trade,1,1,,46475680,56-00-45,,1,
C009,VUK,1,S10074,Chameleon Codewing Ltd,17 19 Smeaton Close,Severalls Ind Est,,Colchester,Essex,CO4 9QY,United Kingdom,45,TBD,01206 500880,GBP,APD,accounts@chameleoncodewing.co.uk,Trade,1,1,,27990141,60-06-06,,1,
C011,VUK,1,S10075,Corby Hose & Hydraulics Limited,Geddington Road,,,Corby,Northants,NN18 8AA,United Kingdom,45,HYD,01536 201534,GBP,APD,accounts@corbyhoseandhydraulics.co.uk,Trade,1,1,,31076027,40-18-12,,1,
C015,VUK,1,S10076,Cloverdale Catering,Cloverdale House,Irthlingborough Road,,Finedon,Northants,NN9 5EH,United Kingdom,45,TBD,01933 682288,GBP,APD,accounts@cloverdalecatering.co.uk,Trade,1,1,,68027782,08-92-50,,1,
C016,VUK,1,S10077,Chubb Fire & Security Ltd,No1 The Beehive,Lions Drive,,Shadsworth Bus Park,,BB1 2QS,United Kingdom,45,TBD,03448 791755,GBP,APD,,Trade,1,1,,41329995,40-02-50,,1,
C017,VUK,1,S10078,Cdmaster,19 Cowslip Close,,,Corby,Northants,NN18 8LF,United Kingdom,45,TBD,,GBP,APD,,Trade,1,1,,,,,1,
C018,VUK,1,S10079,Cml Industrial Services Ltd,Arkendale House,Rugby Road,,Lower Harlestone,,NN7 4ER,United Kingdom,45,TBD,01604 770383,GBP,APD,,Trade,1,1,,,,,1,
C019,VUK,1,S10080,Cautrac,Lyon Ind Estate,Moss Road,,Kearsley,Bolton,BL4 8NE,United Kingdom,45,TBD,01204 791122,GBP,APD,,Trade,1,1,,19210436,83-47-00,,1,
C020,VUK,1,S10081,Clark Masts Systems Ltd,18 20 Ringwood Road,Binstead,,Isle Of Wight,,PO33 3NX,United Kingdom,45,TBD,,GBP,APD,,Trade,1,1,,08035407,18-00-02,,1,SUN568
C021,VUK,1,S10082,Cpi Products,Po Box 510,4100 Fm 1105,,Walburg,TX,78673,USA,44,TBD,,USD,APW,,Foreign,1,1,,111017979,,TXCBUS44,1,C250
C025,VUK,1,S10083,City Electrical Factors Ltd,Linnell Way,Telford Way Ind Est,,Kettering,Northants,NN16 8PS,United Kingdom,45,TBD,01926 301300,GBP,APD,Helen.Rogers@cef.co.uk,Trade,1,1,,43138984,20-23-55,,1,
C027,VUK,1,S10084,Cb Training Uk Limited,Unit 30 Burkitt Road,Earlstrees Ind Est,,Corby,Northants,NN174DT,United Kingdom,45,TBD,01536 201871,GBP,APD,info@cbtraining.biz,Trade,1,1,,93930874,20-45-77,,1,
C028,VUK,1,S10085,Geoff Coales,,,,,,,United Kingdom,7,TBD,07841 664914,GBP,APD,,Expenses,1,1,,37159734,07-0116,,1,
C029,VUK,1,S10086,Cablecraft Ltd,Circle Business Ctr,Blackburn Road,,"Houghton Regis, Beds",,LU5 5DD,United Kingdom,45,TBD,01582 606033,GBP,APD,accounts@cablecraft.co.uk,Trade,1,1,,83241378,20-00-00,,1,SUN815
C030,VUK,1,S10087,Computer Imprintable Label Systems,2 Southview Way,Broadwater Bus Park,,Worthing,W Sussex,BN14 8NL,United Kingdom,45,TBD,01903 219000,GBP,APD,info@cils-international.com,Trade,1,1,GB15MIDL40472281395122,81395122,40-47-22,,1,
C036,VUK,1,S10088,C E M Days Ltd,Swansea Road,Garngoch,,Swansea,,SA4 4LL,United Kingdom,45,TBD,01792 222111,GBP,APD,RosWilliams@days.co.uk,Trade,1,1,,03927601,20-83-91,,1,SUN50
C052,VUK,1,S10089,Cooks Of Bedford Ltd,Units 16 17,Arkwright Road,,Bedford,,MK42 0LQ,United Kingdom,45,TBD,01234 343264,GBP,APD,accounts@cooksofbedford.co.uk,Trade,1,1,,16149768,30-80-12,,1,
C060,VUK,1,S10090,Corby Canvas Limited,Unit 5,Tollgate Ind Est,,Brindley Place,Stafford,ST16 3SU,United Kingdom,45,TBD,01889 279734,GBP,APD,accounts@corbycanvas.co.uk,Trade,1,1,,93185427,20-81-00,,1,V060
C080,VUK,1,S10091,Petty Cash,,,,,,,United Kingdom,5,TBD,,GBP,APD,,Cash,1,1,,,,,4,
C101,VUK,1,S10092,Commercial Vehicle Movement,58 The Willows,Little Harrowden,,Corby,Northants,NN19 5BT,United Kingdom,45,TBD,07786 310834,GBP,APD,sales@commercialvehiclemovements.co.uk,Trade,1,1,,12182734,40-46-03,,1,SUN363
C110,VUK,1,S10093,C.F.S Brixworth Ltd,The Old Brickworks,Harborough Road,,Pitsford,Northampton,NN6 9AA,United Kingdom,45,TBD,01604 881140,GBP,APD,sales@cfsbrixworth.co.uk,Trade,1,1,,41556879,56-00-60,,1,SUN133
C140,VUK,1,S10094,Central Garage Irthlingborough Ltd,Nene Park Roundabout,Station Road,,Irthlingborough,Northants,NN9 5QE,United Kingdom,45,TBD,01933 650313,GBP,APD,,Trade,1,1,,00042383,30-94-68,,1,SUN44
C165,VUK,1,S10095,Certex Ltd,Unit C1 Harworth Ind Est,Bryans Close,,Doncaster,,DN11 8RY,United Kingdom,45,TBD,08452 307475,GBP,APD,,Trade,1,1,,,,,1,SUN26
C170,VUK,1,S10096,Commercial Body Fittings Ltd.,80 Bridge Road East,Welwyn Garden City,,Herts,,AL7 1JY,United Kingdom,45,BODY,01707 371080,GBP,APD,beckie.evans@cbf.uk.com,Trade,1,1,,42037556,40-46-08,,1,
C300,VUK,1,S10097,Hsbc Invoice Finance (Uk) Ltd,21 Farncombe Road,Worthing,,West Sussex,,BN11 2BW,United Kingdom,45,TBD,01536 403602,GBP,APD,,Trade,1,1,,,,,4,
D001,VUK,1,S10098,Dhl International Uk Ltd,P O Box 192,Feltham,,Middlesex,,TW14 0YB,United Kingdom,47,TBD,02077 603356,GBP,APD, rpu.cash@dhl.com,Trade,1,1,,91406396,40-02-50,,1,
D003,VUK,1,S10099,Dynaset Oy    (Bank Transfer Only),Menotie 3,,,Ylojarvi,,,Finland,44,TBD,,GBP,APE,sales@dynaset.com,Foreign,1,1,,,,,1,
D005,VUK,1,S10100,D.W. O'Brien Ltd,Unit 1 4,64 Trafalgar Road,,Kettering,Northants,NN16 8DD,United Kingdom,44,TBD,01536 484495,GBP,APD,leslie@dwobrien.co.uk,Trade,1,1,,68080473,05-00-24,,1,SUN445
D007,VUK,1,S10101,Donnelly Bros (Belfast) Ltd,Mallusk Way,Mallusk Road,,Newtownabbey,Co Antrim,BT 364AA,United Kingdom,45,TBD,,GBP,APD,cathy.lawson@donnellygroup.co.uk,Trade,1,1,,70171468,95-03-02,,1,
D008,VUK,1,S10102,Donnelly Finance & Leasing Ltd,45 Mallusk Road,,,Newtownabbey,Co Antrim,BT36 4PS,United Kingdom,45,TBD,,GBP,APD,Dawn.Burton@donnellygroup.co.uk,Trade,1,1,,79731542,90-24-26,,1,
D009,VUK,1,S10103,Duckworth Limited,Willingham Road,Market Rasen,,Lincolnshire,,LN8 3RE,United Kingdom,45,TBD,01673 841410,GBP,APD,sharonhaines@duckworth.co.uk,Trade,1,1,,06001992,12-18-68,,1,SUN454
D010,VUK,1,S10104,Dennis Jeffery Signs & Signwriting,48B Grasmere Road,Chestfield,,Kent,,CT5 4NA,United Kingdom,45,TBD,,GBP,APD,d.jeffery@btinternet.com,Trade,1,1,,,,,1,
D011,VUK,1,S10105,Donnelly Bros (Fermanagh)Ltd,101 Irvinestown Road,Enniskillen,,,Co Fermanagh,BT74 6GQ,United Kingdom,45,TBD,,GBP,APD,,Trade,1,1,,70171468,95-03-02,,1,
D012,VUK,1,S10106,Mr D Bhagwan,,,,,,,United Kingdom,7,TBD,,GBP,APD,deepak.bhagwan@versalift.co.uk,Expenses,1,1,,71254634,40-46-33,,1,
D015,VUK,1,S10107,Df Training Limited,21 Church View,,,Weldon,Northants,NN17 3LF,United Kingdom,45,TBD,,GBP,APD,dtfdave108@gmail.com,Trade,1,1,,66148160,30-91-99,,1,
D017,VUK,1,S10108,D F Stewart Services (Dyno Rod),1 Borrowdale Road,,,Corby,Northants,NN17 2DQ,United Kingdom,45,TBD,01536 402371,GBP,APD,ann.brown@dynorod.com,Trade,1,1,,30186325,20-45-77,,1,
D020,VUK,1,S10109,Dats Print Services Limited,Victoria House,Victoria Street,,Irthlingborough,Northants,NN9 5RG,United Kingdom,45,TBD,01933 650588,GBP,APD,,Trade,1,1,,67671268,60-08-46,,1,
D025,VUK,1,S10110,Davis Access Platforms Ltd,Unit 4 Bakers Park,Carter Road,,Bishopworth,Bristol,BS13 7TT,United Kingdom,45,TBD,01179 670811,GBP,APD,info@davisaccess.co.uk,Trade,1,1,GB70MIDL40262701419226,01419226,40-26-27,MIDLGB2122P,1,SUN33
D026,VUK,1,S10111,Door Spring Supplies Limited,Unit 6 Queens Park Ind Es,Studland Road,,Northampton,Northants,NN2 6NA,United Kingdom,45,TBD,01604 931136,GBP,APD,,Trade,1,1,,35289139,56-00-60,,1,
D050,VUK,1,S10112,Dc Services Ltd,14 Rowallen Way,,,Daventry,Northants,NN11 9BS,United Kingdom,45,TBD,07949 238082,GBP,APD,,Trade,1,1,,,,,1,
D052,VUK,1,S10113,Donnelly Bros (Dungannon),57 59 Moy Road,Dungannon,,,Co Tyrone,BT71 7DT,United Kingdom,45,TBD,02887 22887,GBP,APD,cathy.lawson@donnellygroup.co.uk,Trade,1,1,,70171468,95-03-02,,1,
D062,VUK,1,S10114,Deloitte Llp,150 Midsummer Boulevard,Milton Keynes,,Buckinghamshire,,MK9 1FD,United Kingdom,44,TBD,,GBP,APD,,Trade,1,1,,,,,1,
D065,VUK,1,S10115,Dfds Seaways Plc,Nordic House,Western Access Road,,Immingham,N.E. Lincs.,DN40 2LZ,United Kingdom,45,TBD,08616 589000,GBP,APD,,Trade,1,1,GB04DABA30128122029959,22029959,30-12-81,FTSBDKKK,1,
D200,VUK,1,S10116,Dun Bri Services,Watermill Ind Estate,Aspenden Road,,Buntingford,Herts.,SG9 9JS,United Kingdom,45,TBD,01763 274185,GBP,APD,accounts@dun-bri.com,Trade,1,1,GB53MIDL40232701387863,01387863,40-23-27,MIDLGB22,1,
D201,VUK,1,S10117,Designease Limited,Unit 7 Stonehouse Centre,Bristol Road,,,Gloucestershire,GL10 3RD,United Kingdom,45,TBD,01453 821990,GBP,APD,accounts@designease.co.uk,Trade,1,1,,00247020,12-12-82,,1,
D250,VUK,1,S10118,Duston Oils,Port Road,,New Duston,Northampton,Northants,NN5 6NL,United Kingdom,45,TBD,01604 753397,GBP,APD,creditcontrol@dustonoils.co.uk,Trade,1,1,,30686042,20-61-51,,1,
E001,VUK,1,S10119,ENERGY SOLUTIONS (UK) LTD,53 54 Riverside Estate,Sr Thomas Longley Road,Medway City,Rochester,,ME2 4DP,United Kingdom,45,TBD,01634 290772,GBP,APD,,Trade,1,1,,,,,1,
E003,VUK,1,S10120,Eleccert Ltd,53 Malham Drive,,,Kettering,Northants,NN16 9FS,United Kingdom,44,TBD,01536 410470,GBP,APD,nina.brightwell@eleccert.co.uk,Trade,1,1,,01094530,30-94-68,,1,SUN374
E005,VUK,1,S10121,Earthco Ltd,Unit 5,The Dock Ind. Park,,Ely,Cambridgeshire,CB7 4GS,United Kingdom,45,TBD,01353 665311,GBP,APD,,Trade,1,1,,,,,1,
E007,VUK,1,S10122,Edstrom Of Sweden Ltd,1 3 Cronin Courtyard,Weldon South Ind Est,,Corby,Northants,NN18 8AG,United Kingdom,45,TBD,01536 203040,GBP,APD,Alison@edstrom.co.uk,Trade,1,1,,27057001,40-51-62,,1,
E008,VUK,1,S10123,Emba Engineering Ltd,Higham Road,Burton Latimer,,Kettering,Northants,NN15 5PU,United Kingdom,44,TBD,01536 420102,GBP,APD,sarahw@embaeng.co.uk,Trade,1,1,,11086083,16-22-11,,1,SUN635
E010,VUK,1,S10124,Emfast Limited,Emfast House101 Sanders,RoadFinedon Rd Ind,,"Est. Wellingborough,",Northants,NN84 NL,United Kingdom,44,TBD,01933 229110,GBP,APD,dee@emfastonline.com,Trade,1,1,,16335060,30-99-26,,1,
E011,VUK,1,S10125,Eco Timber Panels Ltd,Barn Way,Lodge Farm Ind Est,New Duston,Northampton,Northants,NN5 7UW,United Kingdom,45,TBD,01604 759222,GBP,APD,,Trade,1,1,,97813230,56-00-60,,1,
E012,VUK,1,S10126,Evolve Digital Ltd,Unit 18,Kingsmill Park,,Chapel Mill Road,,KT1 3GZ,United Kingdom,45,TBD,,GBP,APD,stefan@evolvedigital.co.uk,Trade,1,1,,03591760,77-70-67,,1,
E013,VUK,1,S10127,Robert Elderton,34 Queen Street,,,Bozeat,Northants,NN29 7LA,United Kingdom,47,TBD,07969 420679,GBP,APD,roblin34@btinternet.com,Trade,1,1,,96686154,55-70-37,,1,SUN554
E014,VUK,1,S10128,Exol Lubricants Ltd,All Saints Road,Wednesbury,,,West Midlands,WS10 9LL,United Kingdom,45,TBD,01215 686800,GBP,APD,Lesley.willis@exol-lubricants.com,Trade,1,1,,00370079,30-15-99,,1,
E015,VUK,1,S10129,Ee Limited,Po Box 52,,,Sheffield,,S981DX,United Kingdom,5,TBD,08009 56000,GBP,APD,,Trade,1,1,,,,,2,
E017,VUK,1,S10130,Eef Ltd,St James House,Frederick Road,,Birmingham,West Midlands,B15 1JJ,United Kingdom,45,TBD,01926 310506,GBP,APD,,Trade,1,1,,01289155,30-92-99,,1,
E018,VUK,1,S10131,E.Fox (Engineering) Ltd,Adelaide House,Baldonnell Bus Park,,Baldonnell,Dublin 22,,United Kingdom,44,TBD,,GBP,APD,accounts@efox.ie,Foreign,1,1,IE19ULSB98501011130549,11130549,98-50-10,ULSBIE2D,1,
E021,VUK,1,S10132,Elavon Financial Services,Building 8,Cherrywood Bus Park,,,Co Dublin,D18 W319,United Kingdom,45,TBD,,GBP,APD,QUERIES@ELAVON.COM,Trade,1,1,DE85500700100175531304,,,DEUTDEFF,1,
E025,VUK,1,S10133,Elefant Gratings,Enterprise Drive,,,Wolverhampton,West Midlands,WV10 7DF,United Kingdom,45,TBD,,GBP,APD,,Trade,1,1,,,,,1,SUN544
E027,VUK,1,S10134,Experian Ltd,The Sir John Peace Bding,Experian Way,,Nottinghamshire,,NG80 1ZZ,United Kingdom,44,TBD,01623 869999,GBP,APD,,Trade,1,1,,00870021,20-36-47,,1,
E052,VUK,1,S10135,Excell Business Systems Ltd,4  6 Langford Arch,London Road,,Cambridge,,CB22 3FX,United Kingdom,44,TBD,03701 450065,GBP,APD, accounts@excellgroup.com,Trade,1,1,,10263834,20-17-68,,1,
E100,VUK,1,S10136,Eberspacher (Uk) Ltd,10 Headlands Business Pk,Salisbury Road,,Ringwood,Hampshire,BH24 3PB,United Kingdom,45,TBD,01425 480151,GBP,APD,Angela.Taylor@eberspaecher.com,Trade,1,1,GB75COBA40620130488080,30488080,40-62-01,COBAGB2X,1,
E101,VUK,1,S10137,Emo Oil,302 Bridgewater Place,Warrington,,Cheshire,,WA3 6XG,United Kingdom,47,TBD,03456 85685,GBP,APD,sales.support@certasenergy.co.uk,Trade,1,1,,28846524,56-00-36,,1,S150
E105,VUK,1,S10138,Ermin Plant,Gloucester Head Office,Bristol Road,,,Gloucester,GL2 5DF,United Kingdom,45,TBD,01452 526616,GBP,APD,,Trade,1,1,,,,,1,
E150,VUK,1,S10139,EDGE SHEET METAL FABRICATION LTD,18 Ridgeway West,,Market Harborough,Leicestershire,,LE16 7LG,United Kingdom,45,TBD,01858 881089,GBP,APD,,Trade,1,1,,,,,1,
E151,VUK,1,S10140,Expeditors International Uk Ltd,Canton Lane,Hams Hall Dist Pk,,Coleshill,Birmingham,B46 1GA,United Kingdom,45,TBD,01675 466500,GBP,APD,leanne.alcock@expeditors.com,Trade,1,1,,41627937,40-24-11,,1,
F003,VUK,1,S10141,Fibrecraft Design & Services Ltd,IndUnits 1&2Main Hall,FarmConington,,North Elsworth,Cambridge,CB23 4LR,United Kingdom,45,TBD,01954 267622,GBP,APD,info@fibrecraftuk.com,Trade,1,1,,03165498,30-13-55,,1,
F004,VUK,1,S10142,Farnell Ltd,Farnell Accs Receivable,Canal Road Armley,,Leeds,West Yorkshire,LS12 2TU,United Kingdom,45,TBD,08701 208296,GBP,APD,,Trade,1,1,,31392417,40-02-50,,1,
F005,VUK,1,S10143,Freight Products Ltd,Unit 9 Springlakes Estate,Deadbrook Lane,,,Hants,GU12 4UH,United Kingdom,45,TBD,01926 641222,GBP,APD,Rhona Rance <rhona.rance@sandhurstautoprint.co.uk>,Trade,1,1,,03479332,30-91-53,,1,
F006,VUK,1,S10144,Fp Mailing (South East) Ltd,The Enterprise Hub,Edinburgh Way,,Harlow,Essex,CM20 2NQ,United Kingdom,45,TBD,03442 252233,GBP,APD,fpaccounts@fpmailing.co.uk,Trade,1,1,,32143445,40-19-04,,1,
F007,VUK,1,S10145,Filtertechnik Ltd,1 Central Park,Lenton Lane,,Nottingham,,NG7 2NR,United Kingdom,45,TBD,01159 003600,GBP,APD,admin@filtertechnik.co.uk,Trade,1,1,,80574351,60-50-06,,1,
F008,VUK,1,S10146,Fastline Group Ltd,8 Riley Road,,,Kettering,Northants,NN16 8NN,United Kingdom,45,TBD,01536 485584,GBP,APD,accounts@fastlinegroup.co.uk,Trade,1,1,,68585616,60-08-46,,1,
F009,VUK,1,S10147,Flr Spectron Ltd,Enterprise House,Unit4 Orpington,,"Trade Centre, Murray Road",Kent,BR5 3SS,United Kingdom,45,TBD,08458 999900,GBP,APD,katharyn.gladwell@flrs.co.uk,Trade,1,1,,81061307,51-50-14,,1,
F010,VUK,1,S10148,F W Abbott Ltd,Unit 10,Orion Way,,Kettering,Northants,NN15 6NL,United Kingdom,45,TBD,01536 517704,GBP,APD,,Trade,1,1,,,,,1,
F011,VUK,1,S10149,F1 Manufacturing Ltd,350 Melton Road,,,Leicester,,LE4 7SL,United Kingdom,45,TBD,01162 688484,GBP,APD,Clare@F1Manufacturing.com>,Trade,1,1,,82207206,40-18-22,,1,SUN669
F013,VUK,1,S10150,Financial Conduct Authority,25 North Colonnade,Canary Wharf,,London,,E14 5HS,United Kingdom,45,TBD,,GBP,APD,,Trade,1,1,,,,,1,
F014,VUK,1,S10151,Fem Technologies,ZI De Lafarrayrie,46100,,Figeac,,,France,44,TBD,,GBP,APE,,Foreign,1,1,FR7611206000845001023129484,,,AGRIFRPP812,1,
F015,VUK,1,S10152,Feakins Of Kettering,16 Linnell Way,Telford Way Ind Est,,Kettering,Northants,NN16 8PS,United Kingdom,45,TBD,,GBP,APD,,Trade,1,1,,,,,1,
F016,VUK,1,S10153,Freight Transport Association,Hermes House,St Johns Road,,"Tunbridge Wells, Kent",,TN4 9UZ,United Kingdom,45,TBD,01892 526171,GBP,APD,salessupport@fta.co.uk,Trade,1,1,,00859942,30-98-77,,1,
F020,VUK,1,S10154,Jon Fearon,,,,,,,United Kingdom,7,TBD,07774 732450,GBP,APD,,Expenses,1,1,,81071884,55-70-37,,1,
F060,VUK,1,S10155,Strawson Inclinometers Ltd,Unit 54 Webster Cresent,Droppingwell,,Rotherham,,S61 2BP,United Kingdom,45,TBD,01709 510898,GBP,APD,strawson7@msn.com,Trade,1,1,GB43BARC20045073453251,73453251,20-04-50,BARCGB22,1,
G001,VUK,1,S10156,Guest Trucks & Van,Kenrick WayWest Bromwich,,,,West Midlands,B70 6BY,United Kingdom,45,TBD,01215 532737,GBP,APD,info@guests.co.uk,Trade,1,1,,00401588,30-99-36,,1,SUN409
G002,VUK,1,S10157,Gsa Supplies,21 Gough Close,,,Kettering,Northants,NN15 5BE,United Kingdom,45,TBD,01536 521599,GBP,APD,Gerald Longhurst <gsasupplies@gmail.com>,Trade,1,1,,00190802,20-45-77,,1,SUN636
G005,VUK,1,S10158,Garmet Ltd,St Helens Way,,,Thetford,,1P24 1HG,United Kingdom,45,TBD,01842 763808,GBP,APD,sarah <sarah@garmet.co.uk>,Trade,1,1,,68589166,60-08-46,,1,
G007,VUK,1,S10159,Gartec Ltd,Unit 6 Midshires Bus Park,Smeaton Close,,Aylesbury,,HP19 8HL,United Kingdom,45,TBD,01296 397100,GBP,APD,,Trade,1,1,,26220062,40-51-62,,1,
G008,VUK,1,S10160,Gravitas 21 Limited,Suite 153 St Loyes House,20 St Loyes Street,,Bedford,,MK40 1ZL,United Kingdom,45,TBD,0800 0337019,GBP,APD,info@gravitas21.co.uk,Trade,1,1,,53687309,20-05-74,,1,
G009,VUK,1,S10161,Graffit Ltd,51 Stuart Road,Kempston,,Bedford,,MK42 8HS,United Kingdom,45,TBD,,GBP,APD,,Trade,1,1,,80987060,60-02-13,,1,
G010,VUK,1,S10162,J Gresham,,,,,,,United Kingdom,7,TBD,,GBP,APD,,Expenses,1,1,,,,,1,
G015,VUK,1,S10163,Gha Solutions Ltd,4 Beethoven Close,Old Park Farm,,Mk Buckinghamshire,,MK7 8PL,United Kingdom,45,TBD,01908 465670,GBP,APD,awilson@ghasolutions.co.uk,Trade,1,1,,06790198,09-01-29,,1,SUN839
G051,VUK,1,S10164,Glenfield Air Conditioning Limited,11 The Oasis,Glenfield,,Leicester,,LE3 8QS,United Kingdom,45,TBD,,GBP,APD,,Trade,1,1,,,,,1,
G060,VUK,1,S10165,Gardner Denver Ltd,Claybrook Drive,Washford Ind. Estate,,Redditch,Worcestershire,B980D,United Kingdom,45,TBD,03335 660166,GBP,APD,ar.uk@gardnerdenver.com,Trade,1,1,GB74MIDL40131564348931,64348931,40-13-15,MIDLGB22,1,
H001,VUK,1,S10166,Hygenie,19 Grasscroft,Kingsthorpe,,Northampton,Northants,NN2 8QH,United Kingdom,44,TBD,01604 844276,GBP,APD,wendy@hy-genie.co.uk,Trade,1,1,,35397896,56-00-60,,1,SUN276
H003,VUK,1,S10167,HBH LASER COMPANY PLC,4 Telford Way,Telford Way Ind Est,,Kettering,,NN16 8UN,United Kingdom,45,TBD,,GBP,APD,,Trade,1,1,,,,,1,
H005,VUK,1,S10168,Hayway Tool & Hardware Co Ltd,Cunliffe Drive,,,Kettering,Northants,NN16 8LD,United Kingdom,45,TBD,01536 481114,GBP,APD,steve@haywaytools.com,Trade,1,1,,71354514,60-08-46,,1,
H009,VUK,1,S10169,Hbc   Radiomatic (Uk) Ltd,50 Avenue Road,Aston Birmingham,,Birmingham,West Midlands,B6 4DY,United Kingdom,45,TBD,01215 036930,GBP,APD,sales@hbc-radiomatic.co.uk,Trade,1,1,GB93HAND40516235290652,35290652,40-51-62,HANDGB22,1,
H011,VUK,1,S10170,HELLA LTD,Wildmere Ind Estate,,Banbury,Oxon,,,United Kingdom,45,TBD,01295 272233,GBP,APD,,Trade,1,1,,,,,1,
H012,VUK,1,S10171,Halcyon Office Solutions,Halcyon House,3 Pennard Close,,Northampton,Northants,NN4 7BE,United Kingdom,45,TBD,01604 760211,GBP,APD,accqueries@halcyonuk.com,Trade,1,1,,00601179,20-61-69,,1,
H013,VUK,1,S10172,High Voltage Systems Ltd,26B West Street,,,Welford,Northampton,NN6 6HU,United Kingdom,45,TBD,01858 575141,GBP,APD,,Trade,1,1,,,,,1,SUN288
H014,VUK,1,S10173,Hyquip Limited,New Brunswick Street,Horwich,,Lancashire,,BL6 7JB,United Kingdom,45,TBD,0120 4699959,GBP,APD,Craig@cautrac.com,Trade,1,1,,,,,1,
H016,VUK,1,S10174,Height For Hire Ltd,Ashbourne Bus Centre,Ballybin Road,,Ashbourne,,,Ireland,44,TBD,,GBP,APE,Mary.Valentine@heightforhire.com,Foreign,1,1,,02431189,23-85-90,,1,
H017,VUK,1,S10175,Roy Hopwood (Fasteners) Ltd,Unit 1&2 Martel Court,S Park Business,,Stockport,Cheshire,SK1 2AE,United Kingdom,45,TBD,,GBP,APD,,Trade,1,1,,,,,1,
H018,VUK,1,S10176,Thomas Higgins Limited,Lloyds Chambers,19 21 Seaview Road,,Wallasey,,CH45 4TH,United Kingdom,44,TBD,01516 308053,GBP,APD,accounts@thomashiggins.com,Trade,1,1,,90356969,60-13-16,,1,
H019,VUK,1,S10177,A W & D Hammond Ltd,Broadway Drive,Halesworth,,Suffolk,,IP19 8QR,United Kingdom,45,TBD,01986 834090,GBP,APD,,Trade,1,1,,50465100,20-93-49,,1,
H021,VUK,1,S10178,Hire Safe Solutions,Units Ab Churchlands Bus,Ufton Road,,Lemington Spa,,CV33 9GX,United Kingdom,45,TBD,0800 8654455,GBP,APD,info@hiresafesolutions.com,Trade,1,1,,11098537,16-22-11,,1,SUN819
H022,VUK,1,S10179,Highway Electrical Association Ltd,Ferring,,,West Sussex,,BN12 6PG,United Kingdom,45,TBD,01903 705140,GBP,APD,,Trade,1,1,,54528712,53-50-39,,1,
H023,VUK,1,S10180,Higgins,Turnells Mill Lane,,,Wellingborough,Northants,NN8 2RN,United Kingdom,45,TBD,01933 220590,GBP,APD,,Trade,1,1,,41894390,40-46-03,,1,
H027,VUK,1,S10181,Hpc Gears Limited,Unit 14 Foxwood Ind Est,Foxwood Road,,Derbyshire,,S41 9RN,United Kingdom,45,TBD,01246 268080,GBP,APD,accounts@hpcgears.com,Trade,1,1,,43639666,60-40-09,,1,
H030,VUK,1,S10182,Hendry Hydraulics Ltd,Pinefield Industrial Est,Elgin,,Morayshire,Gt.Britain,IV3U 3AF,United Kingdom,45,HYD,01343 545207,GBP,APD,lorna@hhcyl.com,Trade,1,1,,,,,1,
H035,VUK,1,S10183,Greg Holmes,,,,,,,United Kingdom,7,TBD,,GBP,APD,,Expenses,1,1,,65677056,53-61-33,,1,
H050,VUK,1,S10184,Horizon Utility Ltd,1 Windmill Business Park,Windmill Road,,Clevedon,Somerset,BS21 6SR,United Kingdom,45,TBD,01275 342700,GBP,APD,accounts@hor-i-zon.com,Trade,1,1,,21384872,40-17-50,,1,
H051,VUK,1,S10185,Andy Hayes,,,,,,,United Kingdom,7,TBD,,GBP,APD,,Expenses,1,1,,10065875,16-22-26,,1,
H052,VUK,1,S10186,Andy Hyde,,,,,,,United Kingdom,7,TBD,07539 302848,GBP,APD,Andrew.Hyde@versalift.co.uk,Expenses,1,1,,00490832,30-14-51,,1,
H058,VUK,1,S10187,C Headley,,,,,,,United Kingdom,7,TBD,,GBP,APD,coral.headley@versalift.co.uk,Expenses,1,1,,,,,1,
H059,VUK,1,S10188,Hmrc Revenue & Customs,,,,,,,United Kingdom,47,TBD,,GBP,APD,,Trade,1,1,,,,,1,
H061,VUK,1,S10189,Hm Revenue & Customs,Bradford,,,,,BD98 1YY,United Kingdom,47,TBD,,GBP,APD,,Trade,1,1,,,,,1,
H130,VUK,1,S10190,Positive Cashflow Finance Ltd,Castlefield House,48 Liverpool Road,,Manchester.,,M3 4SB,United Kingdom,44,TBD,01613 682398,GBP,APD,jeff@harviglass.com,Trade,1,1,,68590881,60-08-46,,1,SUN91
H150,VUK,1,S10191,Heskin'S Ltd,Churchill Road Ind Est,Brinscall,,Chorley,,PR6 8RQ,United Kingdom,45,TBD,,GBP,APD,mary@heskins.com,Trade,1,1,GB53ROBS16162210559590,41310671,16-00-39,RB0SGB2L,1,
I001,VUK,1,S10192,Invertec Ltd,Whelford Road,Fairford,,Gloucestershire,,GL7 4DT,United Kingdom,45,TBD,01285 713550,GBP,APD,,Trade,1,1,,,,,1,
I002,VUK,1,S10193,Interaction Recruitment Plc,Interaction House43 High,Street. Huntingdon,,Cambridgeshire,,PE29 3AQ,United Kingdom,44,TBD,01480 436111,GBP,APD,Alexander.Sheehan@interactionrecruitment.co.uk,Trade,1,1,,3000999,40-61-35,,1,
I003,VUK,1,S10194,Ise Fire Products & Services Ltd,The Gerald Lloyd Building,16 Orlingbury Road,,Little Harrowden,Northants,NN9 5BH,United Kingdom,45,TBD,01933 677125,GBP,APD,laura@isefireproducts.co.uk,Trade,1,1,,69086968,08-92-99,,1,
I004,VUK,1,S10195,Ifm Electronic Ltd,Kingsway Business Park,,,Hampton,,TW12 2HD,United Kingdom,45,TBD,,GBP,APD,,Trade,1,1,,51072617,40-38-18,,1,
I005,VUK,1,S10196,Kamarin Computers Ltd,12 The Metro Ctr,Welbeck Way,,Peterborough,,PE2 7UH,United Kingdom,44,TBD,01724 400327,GBP,APD,Fiona Wallis <fwallis@hbp-group.co.uk>,Trade,1,1,,1772678,40-40-24,,1,
I006,VUK,1,S10197,Italtruck Ltd,Unit 7 Weston Lane Ind,Est Weston Lane,,Birmingham,West Midlands,B11 3RR,United Kingdom,45,TBD,01212 438020,GBP,APD,accounts@italtruck.co.uk,Trade,1,1,,6206517,80-02-54,,1,
I008,VUK,1,S10198,Intellitec Mv,Unit 9 Woodway Court,Thursby Road,,Bromborough,Wirrall,CH62 3PR,United Kingdom,45,TBD,01514 828970,GBP,APD,Chris Evans <ce@intellitecmv.com>,Trade,1,1,GB50BARC20376363705641,93871231,20-25-42,BARCGB22,1,SUN449
I009,VUK,1,S10199,Intelligo Software Ltd,1 Southern Cross Rd,Ida Business Park,,Bray,Ireland,,United Kingdom,44,TBD,,GBP,APD,yvonne.laws@intelligo.ie,Foreign,1,1,,,,,1,
I010,VUK,1,S10200,Eaton Industries,46 New Lane,Havant,,Hampshire,,PO9 2NB,United Kingdom,45,TBD,,GBP,APD,VeronikaFally@eaton.com,Trade,1,1,GB33DEUT40508125815100,25815100,23-10-48,DEUTGB2LXXX,1,
I012,VUK,1,S10201,Inter County Cleaning Services,Brindley Close,,,Rushden,Northants,NN10 6EN,United Kingdom,45,TBD,01933 315872,GBP,APD,Tracy Marsh <tracy@intercountyltd.co.uk>,Trade,1,1,GB95NWBK60021380981836,80981836,60-02-13,,1,
I016,VUK,1,S10202,Indicator Fl Memo Ltd,Calgarth House,39 41 Bank Street,,Ashford,Kent,TN23 1DQ,United Kingdom,45,TBD,,GBP,APD,,Trade,1,1,,13595102,20-02-62,,1,
I017,VUK,1,S10203,Instant Hoses Ni Limited,11 Carnanbane Road,Dungiven,,,Co. L/Derry,BT47 4SR,United Kingdom,45,TBD,,GBP,APD,,Trade,1,1,,,,,1,
I018,VUK,1,S10204,Iem Services Limited,Unit1 Agar Way,Pool,,"Redruth, Cornwall",,TR15 3SF,United Kingdom,45,TBD,,GBP,APD,,Trade,1,1,,,,,1,
I020,VUK,1,S10205,IDEAL HOSE & SAFETY LTD,Spring Lane,,,Northampton,,NN1 2JW,United Kingdom,45,TBD,01604 621964,GBP,APD,,Trade,1,1,,,,,1,
I040,VUK,1,S10206,Ipaf Ltd,Moss End Bus Village,Crooklands,,,Cumbria,LA7 7NU,United Kingdom,44,TBD,01539 566700,GBP,APD,accounts@ipaf.org,Trade,1,1,GB12MIDL40260251384279,51384279,40-26-02,,1,
I050,VUK,1,S10207,Dpd Local,15Th Floor Castlemead,Lower Castle Street,,Bristol,,BS1 3AG,United Kingdom,44,TBD,01179 105054,GBP,APD,laura.delazzari@dpdlocal.co.uk,Trade,1,1,,40621951,20-00-00,,1,
I052,VUK,1,S10208,Innovative Safety Systems Limited,Unit 19 Kempton Road,Keytec 7 Bus Park,,Worcestershire,,WR10 2TA,United Kingdom,45,TBD,01386 630155,GBP,APD,np@iss-international.co.uk,Trade,1,1,,11068568,30-15-99,,1,
I061,VUK,1,S10209,118 Internet Directory,Carlisle House,Carlisle Street,,Goole,,DN14 5DS,United Kingdom,45,TBD,,GBP,APD,,Trade,1,1,,,,,1,
I150,VUK,1,S10210,Intercounty Truck & Van Ltd,Stewarts Road,Finedon Road Ind Est,,Wellingborough,Northants,NN8 4TR,United Kingdom,45,TBD,01933 232600,GBP,APD,gaynor.Bannerman@intercounty.org.uk,Trade,1,1,,87055206,90-24-26,,1,
I501,VUK,1,S10211,Ideasbynet,Savage Lane,Dore,,Sheffield,,S17 3GW,United Kingdom,45,TBD,,GBP,APD,,Trade,1,1,,,,,1,
J002,VUK,1,S10212,Jamie Ramsay,Redgoton Garage,Luncarty,,Perth,,PH1 3HU,United Kingdom,44,TBD,07827 442064,GBP,APD,jamie@rms-scotland.co.uk,Trade,1,1,,10503791,83-47-00,,1,
J005,VUK,1,S10213,Jmc (Scot)Ltd,2 Woodilee Road,,,Kirkintilloch,,G66 3UU,United Kingdom,45,TBD,07860 630694,GBP,APD,,Trade,1,1,GB46RBOS16221111107005,11107005,16-22-11,,1,
J006,VUK,1,S10214,J R Industries,23 Sir Alfred Owen Way,Pontygwindy Ind Est,,Caerphilly,,CF83 3HU,United Kingdom,45,TBD,02920 857360,GBP,APD,karenb@jrindustries.co.uk,Trade,1,1,,,,,1,
J009,VUK,1,S10215,Paul Johnston,,,,,,,United Kingdom,7,TBD,07507 836434,GBP,APD,,Expenses,1,1,,86471465,60-16-26,,1,
J010,VUK,1,S10216,Albert Jagger Limited,Centaur Works,Green Lane,,Walsall,West Midlands,WS28HG,United Kingdom,45,TBD,01922 471000,GBP,APD,accounts@ALBERT-JAGGER.CO.UK,Trade,1,1,GB32LOYD30990600032617,00032617,30-99-06,,1,
J015,VUK,1,S10217,Jacksons Milk Deliveries,40 Spinney Close,,,Thrapston,,NN14 4LB,United Kingdom,47,TBD,07525 017580,GBP,APD,shelleysangels2013@gmail.com,Trade,1,1,,83144089,20-19-96,,1,
J020,VUK,1,S10218,James Day Bodywork Ltd,Unit 3 Mere Farm,Shelton Road,,Hargrave,Northants,NN96BB,United Kingdom,45,BODY,01933 460444,GBP,APD,jamesdaybodyworkltd@ntlworld.com,Trade,1,1,,80518468,20-45-77,,1,SUN85
J030,VUK,1,S10219,Jm Access Solutions Ltd,154 Calder Road,,,Bellshill,,ML4 2PL,United Kingdom,45,TBD,01236 604716,GBP,APD,,Trade,1,1,,,,,1,
K002,VUK,1,S10220,Kettering Bearings Ltd,25 Telford Way,Telford Way Ind. Est,,Kettering,Northants,NN16 8UN,United Kingdom,45,TBD,01536 518666,GBP,APD,,Trade,1,1,,,,,1,
K003,VUK,1,S10221,Khs Plastics Solutions Ltd,28 Mallard Close,,,Earls Barton,Northants,NN6 0JF,United Kingdom,45,PLAS,01604 812799,GBP,APD,,Trade,1,1,,63390187,20-61-55,,1,SUN520
K005,VUK,1,S10222,Kurt Hobbs Coachworks Ltd,Wold Lodge,Cranford Road,,G Addington,,NN14 4BH,United Kingdom,45,TBD,01536 330515,GBP,APD,,Trade,1,1,,73873152,60-08-46,,1,
K006,VUK,1,S10223,Konecranes Demag Uk Limited,Unit 1 Charter Point Way,Coalfield Way,,Leicestershire,Lutterworth,LE65 1NF,United Kingdom,45,TBD,,GBP,APD,,Trade,1,1,,19899001,40-48-78,,1,
K008,VUK,1,S10224,K2 Recovery Ltd,Unit 2 Telford House,Telford Way,,Kettering,Northants,NN16 8UN,United Kingdom,45,TBD,,GBP,APD,,Trade,1,1,,65791843,53-61-33,,1,
K009,VUK,1,S10225,Kettering Borough Council,Municipal Offices,Bowling Green Road,,Kettering,Northants,NN15 7QX,United Kingdom,5,TBD,01536 534235,GBP,APD,,Trade,1,1,,,,,2,
K010,VUK,1,S10226,Kenny Mclaughlin,3 Stokes Drive,Sleaford,,Lincolnshire,,NG34 8BA,United Kingdom,45,TBD,07815 563873,GBP,APD,,Trade,1,1,,19765868,77-72-27,,1,
K015,VUK,1,S10227,Kaizen Consultancy & Training,Treefrog House,Prenton Way,,Wirral,,CH43 3DU,United Kingdom,45,TBD,01516 089037,GBP,APD,,Trade,1,1,,,,,1,
L002,VUK,1,S10228,Ltt Vending Ltd,Priory House Unit C,Gildersome Spur,,"Morley, Leeds,",Yorkshire,LS27 7JZ,United Kingdom,44,TBD,01332 810200,GBP,APD,finance@lttvending.co.uk,Trade,1,1,,01007556,56-00-36,,1,
L006,VUK,1,S10229,Lex Autolease Ltd,Heathside Park,Heathside Park Road,,Stockport,Cheshire,SK3 0RB,United Kingdom,45,TBD,,GBP,APD,,Trade,1,1,,,,,1,
L007,VUK,1,S10230,Link Print & Packaging Ltd,Unit 27 Centurion Way Ind,Est. Centurion Way.,,Leyland,,PR25 4GU,United Kingdom,45,TBD,01772 453838,GBP,APD,linkppcarol@gmail.com,Trade,1,1,,41535936,01-67-14,,1,
L008,VUK,1,S10231,Laystall Engineering Ltd,Dixon Street,,,Wolverhampton,West Midlands,WV2 2BU,United Kingdom,45,TBD,01902 451789,GBP,APD,karen.richards@laystall.co.uk,Trade,1,1,,04116811,30-99-83,,1,
L009,VUK,1,S10232,Lapp Limited,Unit 3 Perivale Park,Horsenden Lane,,Middlesex,,UB6 7RL,United Kingdom,45,TBD,,GBP,APD,,Trade,1,1,,90698350,20-93-02,,1,SUN732
L010,VUK,1,S10233,Led Autolamps Europe Llp,Unit 8Jb Maybrook Road,Maybrook Bus. Park,,Minworth,West Midlands,B76 1AL,United Kingdom,45,TBD,01213 132222,GBP,APD,ulie@ledautolamps-uk.com,Trade,1,1,GB73MIDL40432811782223,11782223,40-43-28,MIDLGB2158C,1,
L012,VUK,1,S10234,Libra Labels & Printing Ltd,Unit 1 2A6 Bus Centre,Telford Way,,Kettering,Northants,NN16 8UN,United Kingdom,45,DEC,01536 414115,GBP,APD,,Trade,1,1,,90454761,20-45-77,,1,SUN589
L013,VUK,1,S10235,J Lee Recruitment Limited,The Maltings,Mount Road,,West Midlands,,DY8 1HZ,United Kingdom,45,TBD,01384 446178,GBP,APD,Daniela.Green@jonlee.co.uk,Trade,1,1,,67613284,60-08-46,,1,
L015,VUK,1,S10236,Leeds Commercials Limited,The Roundhouse,Wellington Road,,Leeds,West Yorkshire,LS12 1DR,United Kingdom,45,TBD,01132 435964,GBP,APD,,Trade,1,1,,85085128,40-27-15,,1,
L040,VUK,1,S10237,Latimer Equipment Services,Station Road,Burton Latimer,,Kettering,Northants,NN15 5NX,United Kingdom,45,TBD,01536 726252,GBP,APD,,Trade,1,1,,,,,1,
M006,VUK,1,S10238,Mooretown Precision Eng **Bank Tt**,Mooretown,Ratoath,,Co Meath,,,Ireland,44,TBD,,GBP,APE,mpe@live.ie,Foreign,1,1,,,,,1,
M009,VUK,1,S10239,Mirus It Solutions Ltd,7 Clarendon Drive,Wymbush,,Milton Keynes,,MK8 8ED,United Kingdom,44,TBD,01908 257353,GBP,APD,accounts@mirus-it.com,Trade,1,1,GB24HAND40516249480375,49480375,40-51-62,HANDGB22,1,
M010,VUK,1,S10240,Meller Flowtrans Limited,12 Millersdale Close,Euroway Ind. Estate,,Bradford,England,BD4 6RX,United Kingdom,45,TBD,01274 687687,GBP,APD,Cath.Kemp@melleruk.com,Trade,1,1,,33065969,56-00-36,NWBKGB2L,1,
M011,VUK,1,S10241,Mend A Hose Hydraulics Ltd,Jemmad House,Carr Wood Road,,Castleford.,,WF104SB,United Kingdom,44,HYD,01977 603995,GBP,APD,beverley@mendahose.co.uk,Trade,1,1,,68381530,40-51-62,,1,
M012,VUK,1,S10242,Mentor Training Ltd,Millennium Way,Chesterfield,,Derbyshire,,S41 8ND,United Kingdom,45,TBD,01246 386900,GBP,APD,claudia.hemming@mentortraining.co.uk,Trade,1,1,,41125762,60-40-09,,1,SUN821
M013,VUK,1,S10243,Mpi Ltd,International House,The Chase Foxholes,,"Bus Park, Hertford,",Herts.,SG13 7NN,United Kingdom,44,TBD,01992 501111,GBP,APD,MattG@mpi.ltd.uk,Trade,1,1,,30720178,20-37-63,,1,
M015,VUK,1,S10244,Metal Craft Industries Uk Ltd,Allen House,17 21 Paterson Rd,,Wellingborough,Northants,NN8 4BZ,United Kingdom,45,STEL,01933 440573,GBP,APD,sue@store-equipment.co.uk,Trade,1,1,,10309058,09-02-22,,1,SUN141
M016,VUK,1,S10245,Bennie Equipment,Cranford Road,Burton Latimer,,Kettering,Northants,NN15 5TB,United Kingdom,45,TBD,01536 720444,GBP,APD,Finance@bennie.co.uk,Trade,1,1,,60586757,40-32-04,,1,
M017,VUK,1,S10246,Moba Mobile Automation Ltd,10A 10B Pegasus Way,Haddenham Bus Park,,Haddenham,Buckinghamshire,HP178LJ,United Kingdom,45,TBD,01844 293220,GBP,APD,Skachinga@moba.de,Trade,1,1,GB64LOYD30804986518366,19588860,30-80-49,,1,SUN428
M025,VUK,1,S10247,Chris Mayne,70 Greenway Road,Taunton,,Somerset,,TA2 6LE,United Kingdom,45,TBD,,GBP,APD,,Trade,1,1,,33226980,20-85-26,,1,
M026,VUK,1,S10248,M A Harding Limited,Unit 23 Norris Way,,,Rushden,Northants,NN10 6BP,United Kingdom,45,TBD,01933 410402,GBP,APD,tricia@maharding.co.uk,Trade,1,1,,32960751,54-41-05,,1,SUN804
M027,VUK,1,S10249,Roman Musial,,,,,,,United Kingdom,7,TBD,,GBP,APD,,Expenses,1,1,,14688868,30-96-09,,1,
M028,VUK,1,S10250,Mazda Financial Services Contract,1 Central Boulevard,Blyth Valley Park,,,West Midlands,B90 8BG,United Kingdom,45,TBD,03707 324060,GBP,APD,,Trade,1,1,,,,,2,
M040,VUK,1,S10251,Misco Uk Ltd,10 14 Darby Close,Park Farm Ind Estate,,Wellingborough,Northants,NN8 6XH,United Kingdom,45,TBD,01933 401516,GBP,APD,accounts@misco.co.uk,Trade,1,1,GB56LOYD30801214145160,14145160,30-80-12,,1,
M050,VUK,1,S10252,Midland Pallets Limited,Finedon Sidings,Finedon,,Wellingborough,Northants,NN9 5NY,United Kingdom,45,TBD,,GBP,APD,accounts@midlandpallets.co.uk,Trade,1,1,,10631159,20-45-77,,1,
M051,VUK,1,S10253,Mk Pubs,12 Waterfall Way,Medbourne,,Market Harborough,Leicestershire,,United Kingdom,44,TBD,,GBP,APD,,Trade,1,1,,40657174,20-45-77,,1,
M052,VUK,1,S10254,Macildowie Associates Limited,Archer House,Castle Gate,,Nottingham,,NG1 7AW,United Kingdom,45,TBD,01159 470200,GBP,APD,,Trade,1,1,,45096682,98-00-60,,1,
M066,VUK,1,S10255,Miles Robinson Exeter,18 Smithay Meadows,Christow,,Exeter,,EX6 7LU,United Kingdom,45,TBD,01647 253107,GBP,APD,,Trade,1,1,,,,,1,
M068,VUK,1,S10256,Miles Robinson Ltd,Davids Fields,Gloucester Rd,,Staverton,Cheltenham  Glos,,United Kingdom,45,TBD,01452 855975,GBP,APD,roger-miles@btconnect.com,Trade,1,1,,06823224,12-24-81,,1,
M080,VUK,1,S10257,Barclays Bank Plc.,C/O Midland Hose Services,Aquila House,,"Breedsplace, Hastings",East Sussex,TN34 3DG,United Kingdom,5,TBD,,GBP,APD,,Bank,1,1,,,,,2,
M100,VUK,1,S10258,Lkq Coatings Ltd,Newberry House Michigan,Drive Tongwell,,Milton Keynes,,MK15 8HQ,United Kingdom,45,TBD,01908 517777,GBP,APD,,Trade,1,1,GB25MIDL40461001562053,01562053,40-46-10,MIDLGB22,1,
M102,VUK,1,S10259,Marsh Ltd,Po Box 4860,,,Worthing,,BN11 9UA,United Kingdom,45,TBD,0190 8846000,GBP,APD,,Trade,1,1,,,,,1,
M200,VUK,1,S10260,Man Truck & Bus Uk Ltd,14 Gambrel Road,,,Northampton,Northants,NN5 5BB,United Kingdom,45,TBD,01604 588555,GBP,APD,,Trade,1,1,,,,,1,
M461,VUK,1,S10261,Marsh Ireland Ltd,25 28 Adelaide Road,,,Dublin 2,,,Ireland,44,TBD,01603 690484,GBP,APE,Kristiina.Lott@marsh.com,Foreign,1,1,,35270927,99-02-31,,1,
M490,VUK,1,S10262,Masterlube Systems Ltd,Unit 15 Dabble Duck Ind Est,Shildon,,Co Durham,,DL4 2QN,United Kingdom,45,TBD,01388 770571,GBP,APD,brian_w <brian_w@bignall.co.uk>,Trade,1,1,,19424434,54-10-59,,1,
M500,VUK,1,S10263,Maziak Compressor Services Ltd,Finedon Road Ind Est,Wellingborough,,Wellingborough,Northants,NN8 4HN,United Kingdom,45,TBD,01933 222750,GBP,APD,Tracey.dellot@maziak.co.uk,Trade,1,1,,06701876,54-41-05,,1,
M750,VUK,1,S10264,Mtm Products Limited,Foxwood Road,Sheepbridge,,Chesterfield,,S41 9RF,United Kingdom,44,TBD,01246 450228,GBP,APD,brenda.adlington@mtmlabels.co.uk,Trade,1,1,,00528838,60-40-09,,1,
M999,VUK,1,S10265,Motor Distributors Limited,Naas Road,,,Dublin 12,,,Ireland,44,TBD,,GBP,APE,Jade.Killeen@mdl.ie,Foreign,1,1,IE40BOFI90001783871302,,,BOFIIE2D,1,
N001,VUK,1,S10266,National Access,Unit 9 New Cross In Est,Brickheath Road,,Wolverhampton,West Midlands,WV1 2RZ,United Kingdom,44,TBD,07966 380222,GBP,APD,Tammy Bailey <enquiries@pjcaccessplatforms.com>,Trade,1,1,,18893856,52-21-00,,1,
N005,VUK,1,S10267,North East Truck & Van,Cowpen Bewley Road,Haverton Hill,,Billingham,,TS23 4EX,United Kingdom,45,TBD,01642 375304,GBP,APD,Steph.Gofton@netv.co.uk,Trade,1,1,GB75LOYD30195400131203,00131203,30-19-54,,1,
N006,VUK,1,S10268,Nationwide Platforms,15 Midland Court,Central Park,,Leicestershire,Lutterworth,LE17 4PN,United Kingdom,45,TBD,01455 200399,GBP,APD,janet.storer@nattionwideplatforms.co.uk,Trade,1,1,,00580152,12-08-81,,1,
N007,VUK,1,S10269,Norbar Torque Tools Ltd,Wildmere Road,Banbury,,Oxfordshire,,OX16 3JU,United Kingdom,45,TBD,02195 270333,GBP,APD,accounts@norbar.com,Trade,1,1,,10615129,40-09-02,,1,
N008,VUK,1,S10270,Nelsons Solicitors,Pennine House,8 Stanford Street,,Nottingham,,NG1 7BQ,United Kingdom,45,TBD,01159 586262,GBP,APD,,Trade,1,1,,13239357,20-32-48,,1,
N009,VUK,1,S10271,North Hydraulics Services Ltd,P Building P1A,Ribble Business Park,,Challenge Way,Blackburn,BB1 5RB,United Kingdom,45,HYD,01254 238997,GBP,APD,,Trade,1,1,,,,,1,
N020,VUK,1,S10272,REXEL UK LIMITED,5th Floor ,Mutton Lane,,Hertfordshire,,EN6 5BS,United Kingdom,45,TBD,01214 559727,GBP,APD,,Trade,1,1,,,,,1,
N025,VUK,1,S10273,Dave Northover,,,,,,,United Kingdom,7,TBD,,GBP,APD,david.northover@versalift.co.uk,Expenses,1,1,,00965470,11-04-20,,1,
N070,VUK,1,S10274,Northampton Time Recorders Ltd,49 Hall Close,,,Kettering,Northants,NN15 7LQ,United Kingdom,45,TBD,01536 510222,GBP,APD,accounts@northamptontimerecorders.co.uk,Trade,1,1,,00747734,53-61-33,,1,
N080,VUK,1,S10275,Ni Trucks Ltd.,3 Mallusk Rd,,,Newtownabbey,Co Antrim,BT36 4XS,United Kingdom,45,TBD,02890 833040,GBP,APD,,Trade,1,1,,32287036,98-11-45,,1,
N090,VUK,1,S10276,N & J Aluminium Linings Ltd,9 11 Deanfield Court,Clitheroe,,,,BB7 1QS,United Kingdom,45,TBD,01200 429955,GBP,APD,,Trade,1,1,,,,,1,SUN691
N100,VUK,1,S10277,Nylacast Limited,200 Hastings Road,Leicester,,England,,LE5 0HL,United Kingdom,45,TBD,01162 465819,GBP,APD,ann.clifton@nylacast.com>,Trade,1,1,,10433539,09-02-22,,1,
N200,VUK,1,S10278,Nederman Ltd,Unit 91 Seedlee Road,Walton Summit Centre,,Preston,,PR5 8AE,United Kingdom,45,TBD,08452 743434,GBP,APD,accounts@nederman.co.uk,Trade,1,1,,61385007,40-48-65,,1,
O002,VUK,1,S10279,Orsted Sales Uk Ltd,5 Howick Place,,,London,,SW1P 1WG,United Kingdom,47,TBD,,GBP,APD,,Trade,1,1,,46433601,40-48-78,,1,
O003,VUK,1,S10280,Oem Controls,Po Box 894,Shelton,,Shelton,CT,,United Kingdom,44,TBD,,USD,APD,CLoomis@OEMCONTROLS.com,Foreign,1,1,,662 2 0000 13,,CHASUS33,1,
O005,VUK,1,S10281,Orange Payment,Po Box 52,,,Sheffield,,S98 1DX,United Kingdom,5,TBD,,GBP,APD,,Trade,1,1,,,,,2,
P001,VUK,1,S10282,Polydeck Ltd,Unit 14 Burnett Ind Est,Coxs Green Wrington,,Bristol,,BS40 5QS,United Kingdom,45,TBD,,GBP,APD,heather.taylor@gripfast.co.uk,Trade,1,1,GB53NWBR60052271897666,71897666,60-05-22,NWBKGB2L,1,SUN76
P009,VUK,1,S10283,Pss Platform Support Services,The New Bungalow,Mere Way,,Willingham,Cambridgeshire,CB24 5HA,United Kingdom,45,TBD,01954 488100,GBP,APD,joepsscompanyuk@aol.com,Trade,1,1,,32491860,30-90-89,,1,
P014,VUK,1,S10284,Production Glassfibre,K1 K4 Buckshaw Link,Ordnance Road,,"Buckshaw Village,",Chorley,PR7 7EL,United Kingdom,44,TBD,,GBP,APD,,Trade,1,1,,73490113,60-08-46,,1,
P015,VUK,1,S10285,Peterson Europe,Unit D9 Brunel Gate,Telford Close,,Aylesbury,,HP 19 8AR,United Kingdom,45,TBD,01296 340045,GBP,APD,Charmain <charmain@petersoneurope.co.uk>,Trade,1,1,GB70MIDL40450842216094,42216094,40-45-08,,1,SUN527
P016,VUK,1,S10286,Phoenix Safetywear Ltd,124 Pipers Hill Road,,,Kettering,Northants,NN15 7NW,United Kingdom,45,TBD,01536 513511,GBP,APD,sales@phoenixsafetywear.co.uk,Trade,1,1,,20484318,20-45-77,,1,
P018,VUK,1,S10287,Protect Signs,Chestnut Barn,Puxton Lane,,Somerset,,BS24 6TA,United Kingdom,45,TBD,01934 834200,GBP,APD,sue@protectsigns.uk,Trade,1,1,,23310604,20-94-74,,1,
P020,VUK,1,S10288,Pickup Systems Limited,Unit 6 Empire Park,Enterprise Way,,Burnley,,BB12 6LT,United Kingdom,44,TBD,01282 454962,GBP,APD,,Trade,1,1,,72052040,40-12-04,,1,SUN588
P021,VUK,1,S10289,The Printed Cup Company Limited,Paper Cup House,Taylor St,,Lancashire,,BB7 1NL,United Kingdom,45,TBD,,GBP,APD,,Trade,1,1,,22670475,01-02-14,,1,
P022,VUK,1,S10290,Peli Products (Uk) Ltd,Peli House,Peakdale Road,,"Brookfield, Glossop",,SK13 6LQ,United Kingdom,45,TBD,01457 869999,GBP,APD,maria@peliproducts.co.uk,Trade,1,1,GB72NWBK60202137124110,37124110,60-20-21,,1,
P025,VUK,1,S10291,D Patrick,5 St Davids Close,,,Kettering,Northants,NN15 5ED,United Kingdom,47,TBD,07871 102316,GBP,APD,,Trade,1,1,,34214224,07-01-16,,1,
P026,VUK,1,S10292,Phoenix Training,Unit 3 Fleming Close,Park Farm Ind Est,,Wellingborough,Northants,NN8 6UF,United Kingdom,45,TBD,01933 677708,GBP,APD,,Trade,1,1,,,,,1,
P028,VUK,1,S10293,Primo Coachworks Ltd,Unit D Rosfaraghan,Ferbane,,Co. Offaly,Ireland,R42 AX58,United Kingdom,45,TBD,,GBP,APD,accounts@primocoachworks.com,Trade,1,1,,10129241,98-63-50,,1,
P030,VUK,1,S10294,Phoenix Scales Limited,34 Oldbury Road,West Bromwich,,,West Midlands,B70 9ED,United Kingdom,45,TBD,01215 209048,GBP,APD,andrea@phoenixscales.co.uk,Trade,1,1,,91475460,40-46-13,,1,
P034,VUK,1,S10295,Bob Panton,,,,,,,United Kingdom,7,TBD,,GBP,APD,,Expenses,1,1,,,,,1,
P035,VUK,1,S10296,Premier Inn,1 Trinity Court,Broadlands,,Wolverhampton,West Midlands,WV10 6UH,United Kingdom,5,TBD,,GBP,APD,,Trade,1,1,,,,,2,
P040,VUK,1,S10297,Parker Hannifin Ltd,P O Box 4467,Tachbrook Park Drive,,Warwick,,CV34 6TU,United Kingdom,45,TBD,,GBP,APD,,Trade,1,1,GB34CHAS60924241388177,41388177,60-92-42,CHASGB2L,1,
P045,VUK,1,S10298,Paul Lake Carpentry Ltd,8 Sherwood Drive,,,Barton Seagrave,,NN15 6UU,United Kingdom,45,TBD,07861 698127,GBP,APD,,Trade,1,1,,,,,1,
P058,VUK,1,S10299,Perrys Of Manfield,Sherwood Avenue,Mansfield,,Nottinghamshire,,NG18 4GF,United Kingdom,45,TBD,01623 622522,GBP,APD,,Trade,1,1,,04148008,30-00-02,,1,
P059,VUK,1,S10300,Pirtek Norwich,Unit 24 Morgan Way,Bowthorpe Emp Area,,Norwich,,NR5 9JJ,United Kingdom,45,TBD,01603 744544,GBP,APD,,Trade,1,1,,,,,1,
P060,VUK,1,S10301,Powered Access Certification,Applethwaite Lodge,Windermere,,,Cumbria,LA23 1JQ,United Kingdom,45,TBD,01539 444736,GBP,APD,,Trade,1,1,,,,,1,SUN366
P061,VUK,1,S10302,Peter Douglass Platforms,Hollingworth Road,Bredbury,,Stockport,Cheshire,SK6 2AY,United Kingdom,45,TBD,01614 941111,GBP,APD,accounts@peterdouglass.co.uk,Trade,1,1,,,,,1,
P065,VUK,1,S10303,P & B Weir Electrical,Unit 1 Leafield Way,Corsham,,Wiltshire,,SN13 9SW,United Kingdom,45,TBD,01225 811449,GBP,APD,weir@pbsigroup.com,Trade,1,1,,72346388,01-10-01,,1,
P080,VUK,1,S10304,Prosaw Ltd,Telford Way,,,Kettering,Northants,NN16 8UN,United Kingdom,45,TBD,01536 410999,GBP,APD,,Trade,1,1,,70732079,20-45-77,,1,
P110,VUK,1,S10305,Polar Trucks,Jackdaw Close,Crown Lane,,Northampton,,NN3 9ER,United Kingdom,45,TBD,01604 417100,GBP,APD,,Trade,1,1,,,,,1,SUN451
P130,VUK,1,S10306,Poweram Hydraulics,Unit 20 Brook Farm,Business Units,,"Ellington, Huntingdon",Cambs.,PE28 OAE,United Kingdom,45,HYD,01480 896608,GBP,APD,lizziepowerh@aol.com,Trade,1,1,,90613665,20-41-12,,1,SUN102
P205,VUK,1,S10307,Phoenix Health & Safety,Keys Park Road,Cannock,,Staffordshire,,WS12 2HA,United Kingdom,45,TBD,01536 513510,GBP,APD,sales@phoenixsafetywear.co.uk,Trade,1,1,,93298302,20-93-15,,1,
P300,VUK,1,S10308,Phs Group Ltd,Western Industrial Estate,,,Caerphilly,,CF83 1XH,United Kingdom,45,TBD,,GBP,APD,,Trade,1,1,,,,,1,
P550,VUK,1,S10309,Premier Laser&Waterjet Cutting Ltd,1 Whittle Road,Phoenix Parkway,,Corby,Northants,NN17 5DX,United Kingdom,45,TBD,01536 200808,GBP,APD,Claire@premierlaser.co.uk,Trade,1,1,,00752504,30-95-89,,1,
Q001,VUK,1,S10310,Quantum Mouldings Ltd,Whitehouse Road,Kidderminster,,Worcs.,,DY10 1HY,United Kingdom,45,TBD,01562 747975,GBP,APD,Jill Smith <jsmith@quantummouldings.co.uk>,Trade,1,1,,,,,1,
Q002,VUK,1,S10311,Qi Vans Systems,Unit C,Stafford Park 18,,Shropshire,,TF3 3BN,United Kingdom,45,TBD,,GBP,APD,,Trade,1,1,,53801233,40-47-11,,1,
Q005,VUK,1,S10312,Q Design Ltd,Edwards House,2 Westerby Road,,Middlesborough,,TS3 8TD,United Kingdom,45,TBD,01642 242024,GBP,APD,accounts@q-design.co.uk,Trade,1,1,,00377929,20-56-74,,1,SUN629
R001,VUK,1,S10313,Rcs Logistics,Darwin Road,Willowbrook Ind Est,,Corby,Northants,NN17 5XZ,United Kingdom,44,TBD,01536 443900,GBP,APD,Jenny.Pettitt@rcslogistics.co.uk,Trade,1,1,,80904068,30-95-42,,1,
R002,VUK,1,S10314,Reversing Made Easy Ltd,T/A Traffic Angel 7,Horsted Square,,Uckfield,East Sussex,TN22 1QG,United Kingdom,45,TBD,01825 768555,GBP,APD,john@trafficangel.co.uk,Trade,1,1,,63011573,60-22-05,,1,
R003,VUK,1,S10315,Pearson Hydraulics Ltd,11 Cardinal Close,,,Lincoln,,LN2 4SY,United Kingdom,45,HYD,01522 846800,GBP,APD,accounts@pearson-hyds.co.uk,Trade,1,1,,43165478,05-05-63,,1,SUN237
R004,VUK,1,S10316,Rmt Access Engineering,Unit 9C Leadgate Ind Est,Consett,,Co Durham,,DH8 7RN,United Kingdom,45,TBD,01207 655256,GBP,APD,accounts@rmtaccessservices.co.uk,Trade,1,1,,01947267,30-98-04,,1,
R006,VUK,1,S10317,Reflectives UK,20 Collier Lane,Ockbrook,,Derby,,DE72 3RP,United Kingdom,45,TBD,01332 662307,GBP,APD,,Trade,1,1,,,,,1,
R008,VUK,1,S10318,Rygor Commercials Ltd,The BroadwayWest Wilts,Trading Est,,Westbury,Wiltshire,BA13 4JX,United Kingdom,45,TBD,01793 821820,GBP,APD,GaryHall@rygor.co.uk,Trade,1,1,,00788716,20-47-06,,1,
R009,VUK,1,S10319,R.F. Blount & Sons Ltd,Unit 2 A1/M1 Bus Centre,Garrard Way,Telford Way Ind. Est.,Kettering,Northants,NN16 8TD,United Kingdom,45,TBD,01536 527127,GBP,APD,tracey@rfblount.co.uk,Trade,1,1,,01047974,30-94-68,,1,
R010,VUK,1,S10320,Rs Components Limited,PO Box 99,,,Corby,Northants,NN17 9RS,United Kingdom,44,TBD,01536 201201,GBP,APD,,Trade,1,1,,91099000,40-18-12,,1,
R011,VUK,1,S10321,Rfa Engineering Ltd,36 Nancy Road Grimethore,Barnsley Ouse,,South Yorkshire,,S72 7JU,United Kingdom,45,TBD,01226 716202,GBP,APD,accounts@rfaengineeringltd.com,Trade,1,1,GB86NWBK51613575570025,75570025,51-61-35,NWBKGB2L,1,
R013,VUK,1,S10322,Ryan Plastics Ltd,2 3 Mallard Close Earls,Barton Northampton,,Northampton,Northants,NN6 0JF,United Kingdom,45,PLAS,01604 811395,GBP,APD,accounts@ryanplastics.co.uk,Trade,1,1,GB83BOF512248206285015,06285015,12-24-82,,1,
R014,VUK,1,S10323,Ray Bell&Sons Skip Hire & Recycling,Bell House The Old,Brickworks Harborough Road,,Pitford,Northampton,NN6 9AA,United Kingdom,45,TBD,01604 883688,GBP,APD,holly@raybells.co.uk,Trade,1,1,,18017061,54-10-53,,1,
R016,VUK,1,S10324,Roadpro Ltd,Stephenson CloseDrayton,Fields Daventry,,Northamptonshire,Northants,NN11 8RF,United Kingdom,45,TBD,01327 312233,GBP,APD,accounts@roadpro.co.uk,Trade,1,1,,02419547,40-61-35,,1,
R017,VUK,1,S10325,Risk Management Services Ltd,The Old Courthouse,Hughenden Road High Wycombe,,,Buckinghamshire,HP13 5DT,United Kingdom,45,TBD,01494 535830,GBP,APD,risk@riskmanagementsecurity.co.uk,Trade,1,1,,80423041,20-38-83,,1,
R020,VUK,1,S10326,Rupert Hydraulics,Unit 8,Dennington Road,,Wellingborough,Northants,NN8 2QR,United Kingdom,44,HYD,01933 222782,GBP,APD,sales@ruperthydraulics.co.uk,Trade,1,1,,08153746,09-01-29,,1,SUN713
R021,VUK,1,S10327,Reelcraft International,17 Cronin Courtyard,Weldon Ind Estate,,Corby,Northants,NN18 8AG,United Kingdom,45,TBD,01536 406999,GBP,APD,europe@reelcraft.com,Trade,1,1,,44280914,40-35-04,,1,
R026,VUK,1,S10328,Resurgem Engineering Co Ltd,The Bury Manor,Wick,,Bristol,,BS30 5SH,United Kingdom,45,TBD,01179 372846,GBP,APD,lorraine.stone@resurgem.co.uk,Trade,1,1,,,,,1,
R027,VUK,1,S10329,Revive!Northampton Ltd,5 Sharman Way,Rugby,,Warwickshire,,CV22 5QP,United Kingdom,45,TBD,01788 522214,GBP,APD,Revive Accounts <accounts@revive-uk.com>,Trade,1,1,,02116030,40-39-11,,1,SUN795
R028,VUK,1,S10330,Rapid Windscreens Ltd,43 Southfield Road,Gretton,,Corby,Northants,NN17 3BX,United Kingdom,47,TBD,07885 295134,GBP,APD,Rapidwindscreens@hotmail.co.uk,Trade,1,1,,80483168,20-45-77,,1,
R029,VUK,1,S10331,Dave Ruffett,,,,,,,United Kingdom,7,TBD,07944 371133,GBP,APD,david@ruffett@versalift.co.uk,Expenses,1,1,,81062050,40-34-29,,1,
R030,VUK,1,S10332,R J Morse,Butterow Hill,Stroud,,,Gloucester,GL5 2LF,United Kingdom,45,TBD,07887 992400,GBP,APD,,Trade,1,1,,57731934,09-01-28,,1,
R035,VUK,1,S10333,Royal Mail Group Ltd,Payment Processing Ctr,Rowland Hill House,Boythorpe Road,,,S49 1HQ,United Kingdom,45,TBD,03457 740740,GBP,APD,,Trade,1,1,,,,,1,
R036,VUK,1,S10334,Red Office,61 Bardolph Street,,,Leicester,,LE4 6EH,United Kingdom,45,TBD,08452 222456,GBP,APD,,Trade,1,1,,00136904,30-15-99,,1,SUN808
R037,VUK,1,S10335,Rutland Communications Ltd,Units3 4 Riverside Ind Es,Market Harborough,,Leicestershire,Lutterworth,LE16 7PT,United Kingdom,45,TBD,01858 455015,GBP,APD,tommy@rutlandcommunications.co.uk,Trade,1,1,,12508861,56-00-55,,1,SUN505
R050,VUK,1,S10336,Related Fluid Power Ltd,Cuparmuir,Cupar,,Fife,,KY15 5SL,United Kingdom,45,TBD,01334 655600,GBP,APD,accounts@relatedfluidpower.com,Trade,1,1,GB88MIDL40613503000355,03000355,40-61-35,,1,
R051,VUK,1,S10337,Rapid Racking,Kemble Enterprise Park,Cirencester,,,Gloucestershire,GL7 6BQ,United Kingdom,45,TBD,01285 686868,GBP,APD,James Chapman <jchapman@rapidracking.com>,Trade,1,1,,02510189,40-14-13,,1,
R052,VUK,1,S10338,Renault Retail Group,Concord Road,Western Avenue,,London,,W3 0RZ,United Kingdom,45,TBD,02082 764085,GBP,APD,tina.wood@renault.co.uk,Trade,1,1,,71315773,40-02-50,,1,
R054,VUK,1,S10339,Rotec Hydraulics Limited,1 Venture Way,Priorswood Ind Est,,Taunton,,TA2 8DE,United Kingdom,45,HYD,01823 348900,GBP,APD,jan.robinson@rotec.net,Trade,1,1,,00331720,80-02-54,,1,
R075,VUK,1,S10340,Rjc Low Loaders Ltd,Units 1&2 Federal Est,Newton Road,,Higham Ferrers,,NN10 8HW,United Kingdom,45,TBD,01933 419350,GBP,APD,marissa@rjclowloaders.co.uk,Trade,1,1,,90562432,20-05-74,,1,R110
R100,VUK,1,S10341,Rf Transport,22 Carlton Road,Wilbarston,,,Market Harborough,LE16 8QD,United Kingdom,45,TBD,08585 35503,GBP,APD,,Trade,1,1,,08451729,53-81-46,,1,
R500,VUK,1,S10342,Robanna Engineering,Higham Rd,Burton Latimer,,Kettering,Northants,NN15 5PU,United Kingdom,45,TBD,,GBP,APD,anna.horsley1@outlook.com,Trade,1,1,,80130249,20-45-77,,1,
S003,VUK,1,S10343,Sayers,9 North Portway Close,Round Spinney,,Northampton,Northants,NN3 8RQ,United Kingdom,45,TBD,01604 642642,GBP,APD,accounts@sayers-ltd.co.uk,Trade,1,1,,78469430,56-00-60,,1,SUN322
S005,VUK,1,S10344,Stanair Ind Door Services Ltd,Unit 2Henson Way,Telford Way Ind Est.,,Kettering,Northants,NN16 8PX,United Kingdom,45,TBD,01536 482187,GBP,APD,jo.grove@stanair.co.uk,Trade,1,1,,11378732,40-10-02,,1,SUN304
S007,VUK,1,S10345,South West Access Ltd,43 Bowering Close,Whipton,,Exeter,,EX1 3TU,United Kingdom,44,TBD,07766 804951,GBP,APD,David Willidgg <southwestaccess@hotmail.co.uk>,Trade,1,1,,82183692,40-20-30,,1,
S011,VUK,1,S10346,Shred It,Ground Floor,Corner House,177 Cross St,Sale,Manchester,M33 7JQ,United Kingdom,44,TBD,0800 0281164,GBP,APD,ukcredit.control@stericycle.com,Trade,1,1,,81401068,40-02-50,,1,
S013,VUK,1,S10347,Service Metals (Midlands) Ltd,Unit 2Diglake Close,Jamage Ind Est,,Talke,Staffs,ST7 1XW,United Kingdom,45,STEL,01782 794530,GBP,APD,rachael.hustler@servicemetals.co.uk,Trade,1,1,,00977373,55-70-23,,1,SUN557
S014,VUK,1,S10348,Smith Partnership Solicitors,Celtic House,Friary Street,,Derby,,DE1 1LS,United Kingdom,45,TBD,,GBP,APD,,Trade,1,1,,,,,1,
S015,VUK,1,S10349,South Cave Tractors Ltd,Common Lane,Newport,,East Yorkshire,,HU15 2RD,United Kingdom,45,TBD,01430 424233,GBP,APD,diane@southcavetractors.com,Trade,1,1,,10156097,16-13-11,,1,
S016,VUK,1,S10350,Sse,Payment Centre,Po Box 13,,Havant,,PO9 5JB,United Kingdom,5,TBD,,GBP,APD,,Trade,1,1,,,,,2,
S017,VUK,1,S10351,T A Savery & Co Ltd,Longford Road,Exhall,,Coventry,,CV7 9NE,United Kingdom,45,TBD,02476 645555,GBP,APD,ar@oleo-savery.com,Trade,1,1,,73005178,20-07-71,,1,
S018,VUK,1,S10352,Sprint Hire Limited,28A Burton Road,,,Finedon,Northants,NN9 5HX,United Kingdom,45,TBD,01933 229789,GBP,APD,,Trade,1,1,,,,,1,
S020,VUK,1,S10353,SCS Packaging,Units 1 & 2,Orchard Road,Finedon,Wellingborough,,NN9 5JG,United Kingdom,45,TBD,01933 681681,GBP,APD,,Trade,1,1,,,,,1,
S021,VUK,1,S10354,Stauff Uk Ltd,500 Carlisle Street East,,,Sheffield,,S4 8BS,United Kingdom,45,TBD,,GBP,APD,,Trade,1,1,,41691179,40-51-62,,1,
S022,VUK,1,S10355,Skoda Financial Services,Brunswick Court,Yeomans Drive,,Milton Keynes,,MK14 5LR,United Kingdom,5,TBD,,GBP,APD,,Trade,1,1,,,,,2,
S025,VUK,1,S10356,Sharnbrook Hotel,Park Lane (Off A6),Sharnbrook,,Beds,,MK44 1LX,United Kingdom,44,TBD,01234 783142,GBP,APD,reception@thesharnbrookhotel.com,Trade,1,1,,32484196,40-10-02,,1,
S026,VUK,1,S10357,Sortimo International Ltd,11 17 Ravenhurst Crt,Birchwood,,Cheshire,,WA3 6PN,United Kingdom,45,TBD,,GBP,APD,,Trade,1,1,,00406597,20-04-67,,1,
S027,VUK,1,S10358,South East Powerline Services Ltd,Brockwells Ind Estate,Ringmer,,East Sussex,,BN8 5GL,United Kingdom,45,TBD,01273 815151,GBP,APD,,Trade,1,1,,,,,1,
S028,VUK,1,S10359,Richard Sanders Renault,Brunel Close,Northfield Av,,Kettering,Northants,NN16 9HU,United Kingdom,45,TBD,01536 512221,GBP,APD,,Trade,1,1,,00867231,80-11-80,,1,
S029,VUK,1,S10360,Steven Eagell Toyota,Merton Drive,Redmoor,,Milton Keynes,,MK6 4AG,United Kingdom,45,TBD,01908 248888,GBP,APD,,Trade,1,1,,79425194,60-14-55,,1,SUN786
S031,VUK,1,S10361,Lee Simmonds,,,,,,,United Kingdom,7,TBD,07970 340038,GBP,APD,lee.simmonds@versalift.co.uk,Expenses,1,1,,04654188,60-21-57,,1,
S032,VUK,1,S10362,Jarek Sliwka,,,,,,,United Kingdom,7,TBD,,GBP,APD,,Expenses,1,1,,78436674,09-01-28,,1,
S035,VUK,1,S10363,John Salt,,,,,,,United Kingdom,7,TBD,07584 233110,GBP,APD,johns.salt@versalift.co.uk,Expenses,1,1,,88379272,52-10-35,,1,
S037,VUK,1,S10364,Starting Off,3 5 Wood Hill,,,Northampton,,NN1 2DA,United Kingdom,45,TBD,01604 622855,GBP,APD,,Trade,1,1,,,,,1,
S038,VUK,1,S10365,Straightpoint Uk Ltd,Unit 9 Dakota Park,Downley Road,,Havant,Hants,PO9 2NJ,United Kingdom,45,TBD,02392 484491,GBP,APD,cgeorge@straightpoint.com,Trade,1,1,,17273161,56-00-64,,1,
S050,VUK,1,S10366,Solid Solutions Management Ltd,Olympus Avenue,Leamington Spa,,Warwickshire,,CV34 6RJ,United Kingdom,44,TBD,01926 333777,GBP,APD, simon.munson@solidsolutions.co.uk,Trade,1,1,,00767365,30-99-15,,1,SUN348
S051,VUK,1,S10367,Chris Stock,,,,,,,United Kingdom,7,TBD,,GBP,APD,,Expenses,1,1,,31966244,07-01-16,,1,
S052,VUK,1,S10368,Steerforth Sales Ltd,Unit 7 Holder Road,Aldershot,,,Hampshire,GU12 4RH,United Kingdom,45,TBD,01252 333633,GBP,APD,sales@steerforth.co.uk,Trade,1,1,,46125817,60-01-08,,1,
S100,VUK,1,S10369,Servest Pest Patrol Ltd,Servest House,Heath Farm Bus. Cntr,,Fornham All Saints,Suffolk,IP28 6LG,United Kingdom,45,TBD,01223 836086,GBP,APD,pestinvoicing@servest.co.uk,Trade,1,1,,00542319,30-97-16,,1,
S205,VUK,1,S10370,Swales Electrical Limited,Units 5&6,Isle Of Man Bus Park,,Cooil Road,,IM2 2QY,United Kingdom,45,TBD,01624 618999,GBP,APD,,Trade,1,1,,10943250,55-91-00,,1,
S250,VUK,1,S10371,Spanset Ltd,Telford Way,Middlewich,,Cheshire,,CW10 OHX,United Kingdom,45,TBD,01606 737499,GBP,APD,accounts@spanset.co.uk,Trade,1,1,,10146210,01-08-38,,1,
S450,VUK,1,S10372,Northern Commercials (Mirfield) Ltd,Accounts Department,Armytage Road,,Brighouse,West Yorkshire,HD61PG,United Kingdom,45,TBD,01484 380111,GBP,APD,accounts@nor-com.co.uk,Trade,1,1,,01810006,09-07-20,,1,SUN552
S500,VUK,1,S10373,St. John Ambulance,The Mill,Millbrook Close,St James Mill Rd,Northampton,Northants,NN5 5JF,United Kingdom,47,TBD,01604 597800,GBP,APD,workplace-training@sja.org.uk,Trade,1,1,,70203165,20-82-94,,1,
S680,VUK,1,S10374,Sun Hydraulics Limited,Wheler Rd,Whitley,,Coventry,,CV3 4LA,United Kingdom,45,HYD,02476 217400,GBP,APD,accountsUK <accounts@sunuk.com>,Trade,1,1,GB85MIDL40053084305078,10177846,16-17-26,MIDLGB22,1,
S700,VUK,1,S10375,Sutch Lifting Equipment Ltd,Unit 18,Millbrook Close,St James Mill Rd,Northampton,Northants,NN5 5JF,United Kingdom,45,TBD,01604 751146,GBP,APD,Frances@sutch.co.uk,Trade,1,1,,00518859,20-37-63,,1,
S800,VUK,1,S10376,Safety Kleen Uk Ltd,Profile West 950 Great,West Rd Brentford,,Middlesex,,TW8 9ES,United Kingdom,45,TBD,02038 797528,GBP,APD,patrick.gay@safetykleen.eu ,Trade,1,1,GB07NWBK60201883380264,83380264,60-20-18,NWBKGB2L,1,
T005,VUK,1,S10377,Truck Parts (North Wales),Unit 3,Mochdre Creamery,,"Trade, Station Road,",Mochdre,LL28 5EF,United Kingdom,45,TBD,01492 548838,GBP,APD,,Trade,1,1,,,,,1,
T006,VUK,1,S10378,Torquesense Ltd,16 Woodview,Cimla,,Neath,,SA11 3BJ,United Kingdom,45,TBD,07881 552799,GBP,APD,jef@torquesense.co.uk,Trade,1,1,,41442163,40-40-00,,1,
T007,VUK,1,S10379,Tbf Thompson (Garvagh) Ltd,6 10 Killyvalley Road,Garaghrk Ind Est,,,Coleraine,BT51 5JZ,United Kingdom,44,TBD,02829 558353,GBP,APD,annemw@tbfthompson.com>,Trade,1,1,,10302466,09-02-22,,1,
T008,VUK,1,S10380,Tonic (Mrs C Engelke),43 Wood Road,Codsall,,South Staffordshire,,WV8 1DN,United Kingdom,47,TBD,01902 844867,GBP,APD,clare@tonic-works.com,Trade,1,1,,31746868,30-84-26,,1,SUN628
T009,VUK,1,S10381,Time Systems Uk Limited,Newport Road,Wavendon,,Milton Keynes,,MK17 8AA,United Kingdom,45,TBD,01908 281000,GBP,APD,janine.nightingale@timesystemsuk.com,Trade,1,1,,80895865,20-57-40,,1,
T010,VUK,1,S10382,Trustford,Wakefield Road,Barnsley,,South Yorkshire,,S71 1NF,United Kingdom,47,TBD,01179 536812,GBP,APD,neil.glover@trustford.co.uk,Trade,1,1,,91370766,40-02-50,,1,
T011,VUK,1,S10383,T T Pumps Ltd,Onneley Works,Newcastle Road,,Cheshire,,CW3 9RU,United Kingdom,45,TBD,01630 642165,GBP,APD,response@ttpumps.com,Trade,1,1,,01058096,01-01-38,,1,
T012,VUK,1,S10384,Technology Management,St Marks Church,St Marks Road,,Wolverhampton,West Midlands,WV3 0QH,United Kingdom,45,TBD,,GBP,APD,,Trade,1,1,,00595526,30-15-99,,1,
T015,VUK,1,S10385,Trelleborg,Trinity Park,Randall Way,,Retford,,DN22 7AX,United Kingdom,45,TBD,01777 712500,GBP,APD,appliedtechnologies@trelleborg.com,Trade,1,1,,61657017,40-48-65,,1,SUN706
T017,VUK,1,S10386,Thistle Pressure Washer Ltd,5 Selby Gardens,,,Bozeat,Northants,NN29 7XB,United Kingdom,45,TBD,01933 664948,GBP,APD,,Trade,1,1,,,,,1,
T018,VUK,1,S10387,Thunderbolt T & M Ltd,Unit 2 The Glade Bus Ctr,Forum Road,,Nottingham,,NG5 9RW,United Kingdom,45,TBD,01159 754808,GBP,APD,info@thunderbolttm.com,Trade,1,1,,10010866,16-15-15,,1,
T020,VUK,1,S10388,Trailparts,12 Greycaine Road,Watford,,,Hertfordshire,WD24 7GG,United Kingdom,45,TBD,01923 253366,GBP,APD,creditcontrol@trailparts.co.uk,Trade,1,1,,88017710,60-17-19,,1,
T025,VUK,1,S10389,Lee Tibbles,,,,,,,United Kingdom,7,TBD,07801 207868,GBP,APD,lee.tibbles@versalift.co.uk,Expenses,1,1,,92045313,09-01-28,,1,
T030,VUK,1,S10390,Tuv Uk Ltd,Amp House Suites 27 29,Dingwall Road,,Croydon,Surrey,,United Kingdom,45,TBD,,GBP,APD,,Trade,1,1,,,,,1,
T050,VUK,1,S10391,Transport For London,Po Box 341,,,Darlington,,DL1 9QA,United Kingdom,5,TBD,,GBP,APD,cclondon@cclondon.com,Trade,1,1,,,,,2,
T100,VUK,1,S10392,Total Van Solutions Ltd,Units 1&2 Building 4,Central Park Ind Est,,Newtownabbey,Co Antrim,BT36 4FS,United Kingdom,45,TBD,02890 832300,GBP,APD,info@totalvansolutions.co.uk,Trade,1,1,,,,,1,
T180,VUK,1,S10393,Totalkare H.D.W.S Ltd,Unit 1 Coombs Wharf,Chancel Way,,Halesowen,West Midlands,B62 8RP,United Kingdom,45,TBD,03332 000699,GBP,APD,info@aasvehiclesolutions.co.uk,Trade,1,1,GB58ABBY09072006969496,6969496,09-07-20,,1,S200
T200,VUK,1,S10394,Transpower Drives Limited,4 Bridle Close Stewart Rd,Wellingborough,,Wellingborough,Northants,NN8 4RN,United Kingdom,45,TBD,01933 443325,GBP,APD,neil.savage@transpower.co.uk,Trade,1,1,,44861223,05-09-72,,1,
T700,VUK,1,S10395,Time Manufacturing Company,7601 Imperial Drive,P.O. Box 20368,,Waco,TEXAS,,United Kingdom,44,TBD,,USD,APD,SharonFrazier@versalift.com,Foreign,1,1,,21002852,,TFSTUS44,1,
T701,VUK,1,S10396,Time Export Eur,Sondervang 3 Box 12,Dk 9640 ,,Farso,,,Denmark,44,TBD,,EUR,APE,majbrittn@teamtime.dk,Foreign,1,1,DK6550590007500011,,,JYBADKKK,1,V080
T703,VUK,1,S10397,Time France,Zone G Febus,5 Rue Henri Giffard,,Morlaas,,64160,France,44,TBD,,EUR,APE,,Foreign,1,1,,,,,1,
T705,VUK,1,S10398,Daniel Thwaites Plc,Myerscough Road,Mellor Brook,,Blackburn,Lancashire,BB2 7LB,United Kingdom,45,TBD,01254 267493,GBP,APD,,Trade,1,1,,,,,1,
T755,VUK,1,S10399,Tevo Ltd,Maddison House Thomas Rd,Woodburn Ind Pk,,Wooburn Green,Buckinghamshire,HP10 0PE,United Kingdom,45,TBD,,GBP,APD,,Trade,1,1,,60854001,40-48-65,,1,
U001,VUK,1,S10400,Ups Ltd,Ar Dept StDavid'S Way,Bermuda Park,,Nuneaton,Warwickshire,CV10 7SD,United Kingdom,44,TBD,01418 916115,GBP,APD,jim.mccreadie@ups.com,Trade,1,1,GB46MIDL40025071307762,71307762,40-02-50,,1,
U003,VUK,1,S10401,Ups Scs Ups House,Forest Road,Feltham,,Middlesex,,TW13 7DY,United Kingdom,44,TBD,01418 916115,GBP,APD,jim.mccreadie@ups.com,Trade,1,1,GB46MIDL40025071307762,71307762,40-02-50,,1,
U005,VUK,1,S10402,Uk Tool Hire Ltd,Unit 7/8 Enterprise Court,Manners Ind Estate,,"Ilkeston, Derbyshire",,DE7 8EW,United Kingdom,45,TBD,01158 800188,GBP,APD,Teresa Shaw <Teresa.Shaw@uktool.co.uk,Trade,1,1,,10290170,09-02-22,,1,
V001,VUK,1,S10403,Viking Direct,Tollwell Road,,,Leicester,,LE4 1BR,United Kingdom,45,TBD,,GBP,APD,,Trade,1,1,GB34LOYD,01383340,30-00-02,LOYDGB2LCTY,1,
V002,VUK,1,S10404,Ecco Safety Group Uk Ltd,Unit 1Green Park,Coal Road,,Leeds,West Yorkshire,LS14 1FB,United Kingdom,45,TBD,01134 263764,GBP,APD,ukinsidesales@eccogroup.com ,Trade,1,1,,10219320,20-07-71,,1,
V003,VUK,1,S10405,Venta,South Wonston,,,Winchester,,SO21 3HN,United Kingdom,44,TBD,01962 884444,GBP,APD,caleb@ventauk.com,Trade,1,1,GB46NWBK55812689129148,89129148,55-81-26,NWBKGB2L,1,
V004,VUK,1,S10406,Vb Airsuspension Uk Ltd,Unit 6 Elder Court,Lions Drive,,Blackburn,Lancashire,BB1 2EQ,United Kingdom,45,TBD,01254 848010,GBP,APD,accounts@vbairsuspension.co.uk,Trade,1,1,,83511170,20-09-72,,1,SUN752
V006,VUK,1,S10407,Vehicle Certification Agency,1 The Eastgate Office,Eastgate Road,,Bristol,,BS5 6XX,United Kingdom,45,TBD,01179 524204,GBP,APD,finance@vca.gov.uk,Trade,1,1,,00097689,30-00-02,,1,SUN783
V008,VUK,1,S10408,Vision Uk,Suite A Frodsham Bus Ctr,Bridge Lane,,Frodsham,,WA6 7FZ,United Kingdom,45,TBD,,GBP,APD,,Trade,1,1,,51329158,60-70-08,,1,
V009,VUK,1,S10409,Vehicle Lining Services,Aston Brook Street,Aston,,Birmingham,West Midlands,B6 4RU,United Kingdom,45,TBD,01215 038311,GBP,APD,sindy.rennie@guests.co.uk,Trade,1,1,,401588,30-99-36,,1,
V150,VUK,1,S10410,Bibby Factors International Ltd,The Vertikal Press Ltd,Castle Link,,"Castle St, Banbury",Oxon,OX16 OTH,United Kingdom,45,TBD,08448 155900,GBP,APD,ne@vertikal.net,Trade,1,1,,40533211,20-51-01,,1,SUN524
V200,VUK,1,S10411,Vision Techniques (U.K) Ltd,Phoenix House Phoenix Pk,Blakewater Road,,Blackburn,Lancashire,BB1 5RW,United Kingdom,45,TBD,01254 679717,GBP,APD,SRichardson@vision-techniques.com,Trade,1,1,,11466186,40-23-27,,1,
W002,VUK,1,S10412,Wallace Cameron,26 Netherhall Road,Netherton Ind. Est.,,Wishaw,,ML2 0JG,United Kingdom,45,TBD,0845 2870598,GBP,APD,jessica.brownlow@crestmedical.co.uk ,Trade,1,1,,68076249,05-00-24,,1,
W005,VUK,1,S10413,Wds Ltd,Richardshaw Road,Grangefield Ind Est,,Leeds,West Yorkshire,LS28 6LE,United Kingdom,45,TBD,01132 909852,GBP,APD,accounts@wdsltd.co.uk ,Trade,1,1,,83169596,20-37-63,,1,
W006,VUK,1,S10414,Wixroyd International,Littlemead Ind Estate,Cranleigh,,Surrey,,GU6 8NE,United Kingdom,45,TBD,08452 666577,GBP,APD,,Trade,1,1,,,,,1,
W007,VUK,1,S10415,Wilco Motor Spares Ltd,2 Stamford Road,,,Kettering,Northants,NN16 8LQ,United Kingdom,45,TBD,01603 430041,GBP,APD,accounts@wilco-fastfit.co.uk,Trade,1,1,,00993900,30-96-17,,1,
W008,VUK,1,S10416,Neil Worsley,,,,,,,United Kingdom,7,TBD,07940 003003,GBP,APD,neil.worsley@versalift.co.uk,Expenses,1,1,,81557580,40-45-24,,1,
W009,VUK,1,S10417,Richard Wall,,,,,,,United Kingdom,7,TBD,07966 015737,GBP,APD,,Expenses,1,1,,02555515,30-93-17,,1,
W011,VUK,1,S10418,William Smith Group,Grove Works,Queen Street,,Barnard Castle,,DL12 8JQ,United Kingdom,45,TBD,01833 690305,GBP,APD,Elaine Steen <elaine@williamsmith.co.uk>,Trade,1,1,,10792020,20-25-52,,1,
W012,VUK,1,S10419,Neil Greenhow,,,,,,,United Kingdom,7,TBD,,GBP,APD,,Expenses,1,1,,00853940,11-04-20,,1,
W015,VUK,1,S10420,Warren Access,Leewood Works,,,Huntingdon,,PE28 5YQ,United Kingdom,45,TBD,01480 891581,GBP,APD,Debbie@warrenaccess.co.uk,Trade,1,1,,,,,1,
W016,VUK,1,S10421,Wiring Solutions,Units N & P,Bentley Bus Park,Northfields Ind Est,Market Deeping,,PE6 8LD,United Kingdom,45,TBD,01778 380123,GBP,APD,HilaryP@wiringsolutions.co.uk,Trade,1,1,,40392295,09-06-66,,1,SUN831
W018,VUK,1,S10422,The Window Cleaner,248 Bath Road,,,Kettering,Northants,NN16 9LY,United Kingdom,45,TBD,07939 831444,GBP,APD,,Trade,1,1,,,,,1,
W020,VUK,1,S10423,Woodway Engineering Ltd,Lower Road Barnacle,Shilton Nr Coventry,,Warwickshire,,CV7 9LD,United Kingdom,45,TBD,02476 841750,GBP,APD,WW Accounts <Accounts@woodwayengineering.com>,Trade,1,1,,40990973,20-23-71,,1,
W028,VUK,1,S10424,Chris Wrenn,,,,,,,United Kingdom,7,TBD,07973 956042,GBP,APD,chris.wrenn@versalift.co.uk,Expenses,1,1,,33151860,30-97-57,,1,
W045,VUK,1,S10425,W & W Engineers Ltd,Farndon Road,Market Harborough,,Leicestershire,Lutterworth,LE16 9NP,United Kingdom,45,TBD,01858 466166,GBP,APD,,Trade,1,1,,02028061,30-95-21,,1,
W077,VUK,1,S10426,WARREN SERVICES LIMITED,4 Fison Way,Thetford,,Norfolk,,IP24 1HT,United Kingdom,45,TBD,01842 827979,GBP,APD,,Trade,1,1,,,,,1,
W078,VUK,1,S10427,Wilkes Partnership,41 Church Street,,,Birmingham,,B3 2RT,United Kingdom,45,TBD,,GBP,APD,,Trade,1,1,,,,,1,
W100,VUK,1,S10428,Ward Workwear Services,Unit 57 Leyland Ind Comp,Irthlingborough Road,,Wellingborough,Northants,NN8 IRT,United Kingdom,45,TBD,01933 278848,GBP,APD,wardworkwear@gmail.com,Trade,1,1,,81294328,55-70-37,,1,
W400,VUK,1,S10429,Wurth Uk Ltd,1 Centurion Way,,,Erith,Kent,DA18 4AF,United Kingdom,45,TBD,08708 987841,GBP,APD,,Trade,1,1,,71038540,40-02-50,,1,
Z999,VUK,1,S10430,VUK Cash Account,,,,,,,United Kingdom,45,TBD,,GBP,APD,,Trade,1,1,,,,,1,
